time,received_at,cloud_event_id,TRACKS.MUNIC.MDI_CC_DASHBOARD_FUEL_LEVEL_PERCENT (%),TRACKS.MUNIC.MDI_DASHBOARD_FUEL_LEVEL (%),speed_kmh,fuel_value
2025-07-01 05:13:44.000,2025-07-01 05:14:20,2051194427900428520,,96.0,60.99999999999999,2068290.0
2025-07-01 05:20:48.000,2025-07-01 05:21:25,2051196210521538792,,95.0,18.0,2068530.0
2025-07-01 05:51:00.000,2025-07-01 05:51:51,2051203867793752296,,94.0,81.0,2070610.0
2025-07-01 06:42:44.000,2025-07-01 06:43:51,2051216951962861800,,89.0,118.0,2073120.0
2025-07-01 06:47:45.000,2025-07-01 06:48:56,2051218232647385320,,89.0,117.06865365739228,2073500.0
2025-07-01 07:04:52.000,2025-07-01 07:06:09,2051222564256121064,,95.0,24.461222196842957,2074520.0
2025-07-01 09:07:31.000,2025-07-01 09:08:09,2051253265877795048,,79.0,41.35146647570485,2074890.0
2025-07-01 09:16:34.000,2025-07-01 09:17:18,2051255568752099560,,83.0,32.0,2075420.0
2025-07-01 09:20:35.000,2025-07-01 09:21:21,2051256590241333480,,82.0,113.4183607326514,2076000.0
2025-07-01 09:21:35.000,2025-07-01 09:22:22,2051256843845681384,,83.0,124.0,2076250.0
2025-07-01 09:22:36.000,2025-07-01 09:23:22,2051257097932439784,,83.0,122.6968830832104,2076480.0
2025-07-01 09:26:36.000,2025-07-01 09:27:25,2051258115801891048,,79.0,135.0,2077060.0
2025-07-01 09:37:40.000,2025-07-01 09:38:32,2051260914404983016,,79.0,137.0,2078860.0
2025-07-01 09:49:44.000,2025-07-01 09:50:45,2051263989287207144,,72.0,3.0,2080190.0
2025-07-01 10:49:11.000,2025-07-01 10:49:36,2051278797877281000,,76.0,72.0,2080600.0
2025-07-01 11:00:14.000,2025-07-01 11:00:46,2051281609516548328,,74.0,68.0,2081280.0
2025-07-01 11:11:18.000,2025-07-01 11:11:58,2051284425752297704,,81.0,113.0,2082330.0
2025-07-01 11:13:19.000,2025-07-01 11:13:59,2051284933833670888,,80.0,39.616142036089315,2082510.0
2025-07-01 17:08:10.000,2025-07-01 17:09:21,2051374365227876584,,69.0,103.6805422657374,2083250.0
2025-07-01 17:22:14.000,2025-07-01 17:23:33,2051377940624589032,,71.0,14.0,2083620.0
2025-07-01 17:33:19.000,2025-07-01 17:34:09,2051380605945463016,,78.0,76.0,2084110.0
2025-07-01 17:38:20.000,2025-07-01 17:39:14,2051381884662890728,,75.0,14.0,2084580.0
2025-07-01 17:43:21.000,2025-07-01 17:44:19,2051383166240899304,,75.0,40.0,2084780.0
2025-07-02 05:05:22.000,2025-07-02 05:06:36,2051554869181038824,,71.0,89.0,2085180.0
2025-07-02 05:13:26.000,2025-07-02 05:14:44,2051556915292405992,,71.0,84.0,2085460.0
2025-07-02 11:14:14.000,2025-07-02 11:15:10,2051647620799758568,,47.0,2.0,2088310.0
2025-07-02 15:59:05.000,2025-07-02 15:59:54,2051719276397789416,,67.0,14.0,2089640.0
2025-07-02 16:05:07.000,2025-07-02 16:06:35,2051720959039553768,,55.00000000000001,50.0,2089810.0
2025-07-02 16:11:10.000,2025-07-02 16:11:40,2051722238482792680,,69.0,77.0,2090130.0
2025-07-02 17:55:39.000,2025-07-02 17:56:52,2051748713029746920,,42.0,42.464518757678086,2090930.0
2025-07-02 17:59:40.000,2025-07-02 18:00:56,2051749735563264232,,80.0,14.208547599498726,2091160.0
2025-07-02 18:06:58.000,2025-07-03 04:53:39,2051913995740250344,,51.0,0.0,51.0
2025-07-03 05:10:51.000,2025-07-03 05:11:52,2051918580055949544,,60.0,66.0,2092290.0
2025-07-03 08:57:27.000,2025-07-03 08:58:37,2051975644682436840,,51.0,38.42530573441079,2093620.0
2025-07-03 09:05:30.000,2025-07-03 09:06:49,2051977707582914792,,51.0,121.0,2094500.0
2025-07-03 09:16:33.000,2025-07-03 09:17:54,2051980498971918568,,47.0,130.0,2095940.0
2025-07-03 09:21:34.000,2025-07-03 09:21:57,2051981517298843880,,51.0,132.0,2096890.0
2025-07-03 09:27:37.000,2025-07-03 09:28:03,2051983051600380136,,53.0,123.0,2097820.0
2025-07-03 10:01:02.000,2025-07-03 10:03:38,2051992008465088744,,35.0,0.0,2099010.0
2025-07-03 10:12:38.000,2025-07-03 10:13:31,2051994495418941672,,37.0,124.0,2099770.0
2025-07-03 10:17:38.000,2025-07-03 10:18:36,2051995771905016040,,33.0,109.0,2100820.0
2025-07-03 10:22:40.000,2025-07-03 10:23:41,2051997052770140392,,40.0,105.0,2101660.0
2025-07-03 10:27:41.000,2025-07-03 10:28:45,2051998329012764904,,35.0,121.0,2102370.0
2025-07-03 10:33:44.000,2025-07-03 10:34:50,2051999857870307560,,42.0,91.0,2103060.0
2025-07-03 10:38:44.000,2025-07-03 10:39:54,2052001135169913064,,38.0,143.0,2103660.0
2025-07-03 10:49:48.000,2025-07-03 10:51:03,2052003938701443304,,28.999999999999996,129.0,2105390.0
2025-07-03 10:54:49.000,2025-07-03 10:56:07,2052005216227705064,,27.0,92.0,2106460.0
2025-07-03 11:00:52.000,2025-07-03 11:01:53,2052006664516780264,,96.0,120.0,96.0
2025-07-03 11:06:54.000,2025-07-03 11:07:56,2052008186625523944,,96.0,79.0,2107300.0
2025-07-03 11:11:56.000,2025-07-03 11:13:01,2052009468174074088,,96.0,33.02302036583183,2107490.0
2025-07-03 11:12:56.000,2025-07-03 11:14:02,2052009721245794536,,96.0,42.0,96.0
2025-07-03 13:17:41.000,2025-07-03 13:18:08,2052040953862357224,,96.0,57.0,2107950.0
2025-07-03 13:24:44.000,2025-07-03 13:25:16,2052042748370125032,,96.0,57.0,2108330.0
2025-07-03 13:34:46.000,2025-07-03 13:35:26,2052045305859604712,,96.0,135.0,2109980.0
2025-07-03 13:45:51.000,2025-07-03 13:46:36,2052048117683159272,,96.0,118.0,2112010.0
2025-07-03 13:50:52.000,2025-07-03 13:51:40,2052049393477107944,,96.0,132.0,2112860.0
2025-07-03 14:01:55.000,2025-07-03 14:02:50,2052052201911795944,,96.0,136.0,2114480.0
2025-07-03 14:06:56.000,2025-07-03 14:07:55,2052053481040281832,,96.0,145.82651694271763,96.0
2025-07-03 14:11:58.000,2025-07-03 14:13:01,2052054765516587240,,95.0,106.0,95.0
2025-07-03 14:18:01.000,2025-07-03 14:18:33,2052056158293999848,,95.0,135.0,2116760.0
2025-07-03 14:31:04.002,2025-07-03 14:31:48,2052059493075976424,,96.0,118.34097797971444,2118450.0
2025-07-03 14:34:05.000,2025-07-03 14:36:43,2052060728588058856,,89.0,153.9919870113034,2119040.0
2025-07-03 14:44:08.000,2025-07-03 14:46:43,2052063248538370280,,94.0,111.0,2120250.0
2025-07-03 14:49:09.000,2025-07-03 14:50:12,2052064124602925288,,82.0,111.0,82.0
2025-07-03 14:54:10.000,2025-07-03 14:55:17,2052065400883020008,,80.0,113.0,2121580.0
2025-07-03 15:05:12.001,2025-07-03 15:06:26,2052068210299175144,,80.0,55.90078216153149,2122120.0
2025-07-03 15:10:14.000,2025-07-03 15:11:31,2052069486407713000,,80.0,85.0,2122590.0
2025-07-03 15:16:16.000,2025-07-03 15:17:37,2052071022547321064,,77.0,13.0,2122840.0
2025-07-03 15:24:22.000,2025-07-03 15:24:44,2052072813292208360,,96.0,73.0,2123250.0
2025-07-03 15:35:25.000,2025-07-03 15:35:53,2052075620388831464,,81.0,59.0,2124380.0
2025-07-03 15:43:30.000,2025-07-03 15:44:46,2052077856170918120,,81.0,33.380456456382305,81.0
2025-07-03 16:27:45.000,2025-07-03 16:28:53,2052088958007329000,,80.0,7.0,80.0
2025-07-03 16:54:57.000,2025-07-03 16:55:17,2052095603122798824,,75.0,42.0,2126420.0
2025-07-03 17:02:00.000,2025-07-03 17:02:24,2052097393264328936,,74.0,5.0,2126610.0
2025-07-03 17:09:04.000,2025-07-03 17:09:31,2052099184043409640,,67.0,56.0,2126920.0
2025-07-03 17:16:07.000,2025-07-03 17:17:48,2052101268088439016,,83.0,46.0,2127230.0
2025-07-03 21:57:53.000,2025-07-03 21:59:10,2052172075644322024,,78.0,98.0,2128140.0
2025-07-03 22:02:53.000,2025-07-03 22:03:13,2052173096546877672,,77.0,49.0,2128470.0
2025-07-04 05:35:18.000,2025-07-04 05:36:03,2052287053680558312,,74.0,80.0,2130300.0
2025-07-04 08:23:02.000,2025-07-04 08:23:57,2052329309271654632,,76.0,115.38703723138278,2132310.0
2025-07-04 08:28:04.000,2025-07-04 08:29:03,2052330590576869608,,77.0,126.0,2133060.0
2025-07-04 08:33:05.000,2025-07-04 08:34:09,2052331873312456936,,53.0,135.0,2134100.0
2025-07-04 08:54:11.000,2025-07-04 08:55:25,2052337227580571880,,64.0,141.0,2138410.0
2025-07-04 09:10:16.000,2025-07-04 09:10:38,2052341055768199400,,0.0,91.0,2141280.0
2025-07-04 09:27:22.000,2025-07-04 09:27:52,2052345392594665704,,45.0,33.0,2142860.0
2025-07-04 13:22:15.000,2025-07-04 13:23:35,2052404714108092648,,44.0,94.0,2144110.0
2025-07-04 13:28:18.000,2025-07-04 13:28:39,2052405989718245608,,0.0,88.0,2144620.0
2025-07-04 13:33:19.000,2025-07-04 13:33:42,2052407261028565224,,45.0,106.0,2144990.0
2025-07-04 13:38:20.000,2025-07-04 13:38:46,2052408532712112360,,44.0,132.0,2145750.0
2025-07-04 13:44:23.000,2025-07-04 13:44:51,2052410065314693352,,42.0,75.0,2146480.0
2025-07-04 13:49:24.000,2025-07-04 13:49:55,2052411340571771112,,36.0,5.0,2146670.0
2025-07-04 13:56:28.000,2025-07-04 13:57:02,2052413130004496616,,28.999999999999996,147.0,2147290.0
2025-07-04 14:01:29.000,2025-07-04 14:02:06,2052414406150815976,,37.0,141.0,37.0
2025-07-04 14:12:34.000,2025-07-04 14:13:13,2052417204955283688,,43.0,136.0,2149900.0
2025-07-04 14:16:35.000,2025-07-04 14:17:17,2052418226306220264,,32.0,129.01405668356105,2150610.0
2025-07-04 14:17:36.000,2025-07-04 14:18:17,2052418477452640488,,36.0,138.0,2150770.0
2025-07-04 14:22:37.000,2025-07-04 14:23:21,2052419753766748392,,33.0,127.0,2151570.0
2025-07-04 14:27:38.000,2025-07-04 14:28:25,2052421027765518568,,49.0,130.0,2152080.0
2025-07-04 14:32:39.000,2025-07-04 14:33:28,2052422302150279400,,27.0,119.0,2152850.0
2025-07-04 14:37:40.000,2025-07-04 14:38:33,2052423577780732136,,32.0,55.0,2153660.0
2025-07-04 14:53:46.000,2025-07-04 14:54:53,2052427691075895528,,0.0,106.30482693055616,2154360.0
2025-07-04 15:00:49.000,2025-07-04 15:02:00,2052429479648690408,,31.0,10.0,2154730.0
2025-07-04 15:17:54.000,2025-07-04 15:19:16,2052433824863748328,,21.0,60.00000000000001,2155300.0
2025-07-04 15:22:54.000,2025-07-04 15:23:18,2052434839235444968,,11.0,44.0,2155630.0
2025-07-04 15:36:00.000,2025-07-04 15:36:44,2052438221035569384,,25.0,90.0,2156100.0
2025-07-06 19:32:32.000,2025-07-06 19:33:36,2053222606521483496,,96.0,71.4501781007118,2158710.0
2025-07-07 05:06:22.000,2025-07-07 05:07:02,2053366916806033640,,96.0,55.88411415730893,2159570.0
2025-07-07 05:09:23.000,2025-07-07 05:10:04,2053367681532428520,,96.0,41.04588639829123,2159750.0
2025-07-07 05:12:23.000,2025-07-07 05:13:07,2053368446745460968,,96.0,27.324414922185117,2159820.0
2025-07-07 05:15:25.000,2025-07-07 05:16:10,2053369213585932520,,96.0,93.0,96.0
2025-07-07 05:23:30.000,2025-07-07 05:24:18,2053371261899325672,,96.0,71.0,2160430.0
2025-07-07 05:28:32.000,2025-07-07 05:29:23,2053372539597930728,,96.0,89.0,2160900.0
2025-07-07 05:34:34.000,2025-07-07 05:35:28,2053374071994908904,,94.0,77.0,2161470.0
2025-07-07 09:37:30.000,2025-07-07 09:38:36,2053435260179333352,,96.0,13.0,2162220.0
2025-07-07 09:43:33.000,2025-07-07 09:44:45,2053436806711541992,,96.0,31.750696043509667,2162340.0
2025-07-07 09:45:34.000,2025-07-07 09:46:44,2053437306387300584,,96.0,16.0,96.0
2025-07-07 11:09:09.000,2025-07-07 11:09:50,2053458216126529768,,96.0,30.622827757783032,2162710.0
2025-07-07 11:12:11.000,2025-07-07 11:12:51,2053458978822291688,,96.0,37.0,2162790.0
2025-07-07 11:19:14.000,2025-07-07 11:19:57,2053460765503029480,,96.0,11.0,2162970.0
2025-07-07 11:27:19.000,2025-07-07 11:28:04,2053462807646716136,,96.0,0.0,2163200.0
2025-07-07 12:03:16.000,2025-07-07 12:03:50,2053471806211309800,,96.0,72.0,96.0
2025-07-07 15:59:20.000,2025-07-07 15:59:55,2053531217489215720,,94.0,90.0,2165550.0
2025-07-07 16:12:25.000,2025-07-07 16:13:07,2053534540831654120,,95.0,3.0,2165740.0
2025-07-07 16:18:27.000,2025-07-07 16:19:13,2053536075372298472,,95.0,0.0,2165840.0
2025-07-07 16:25:30.000,2025-07-07 16:26:21,2053537873063543016,,89.0,0.0,2165990.0
2025-07-07 16:32:35.000,2025-07-07 16:33:30,2053539670121513192,,96.0,50.59850481828789,2166200.0
2025-07-07 16:39:38.000,2025-07-07 16:40:33,2053541444689379560,,89.0,82.0,2166570.0
2025-07-07 16:44:39.000,2025-07-07 16:45:38,2053542724006641896,,96.0,45.0,96.0
2025-07-08 05:39:12.000,2025-07-08 05:39:38,2053737508746920168,,96.0,3.678072931778476,96.0
2025-07-08 05:46:16.000,2025-07-08 05:46:46,2053739302801981672,,94.0,6.0,2167480.0
2025-07-08 06:11:26.000,2025-07-08 06:12:37,2053745808376856808,,94.0,95.0,2168500.0
2025-07-08 06:27:31.000,2025-07-08 06:28:52,2053749899727470824,,89.0,104.0,2170280.0
2025-07-08 09:01:55.000,2025-07-08 09:02:42,2053788613149442280,,80.0,29.652379511936143,2173160.0
2025-07-08 09:03:55.000,2025-07-08 09:04:44,2053789122254045416,,77.0,40.0,2173240.0
2025-07-08 09:17:01.000,2025-07-08 09:17:52,2053792428468568296,,81.0,125.93603190379474,2174230.0
2025-07-08 09:27:04.000,2025-07-08 09:28:01,2053794980765434088,,79.0,98.0,2175460.0
2025-07-08 12:22:01.001,2025-07-08 12:22:55,2053838996429324520,,77.0,0.0,2177690.0
2025-07-08 16:38:42.000,2025-07-08 16:40:04,2053903710119035112,,81.0,11.0,2178650.0
2025-07-08 16:44:43.000,2025-07-08 16:45:09,2053904989180772584,,76.0,15.000000000000002,2178750.0
2025-07-08 16:46:44.000,2025-07-08 16:47:11,2053905501662101736,,78.0,64.4662843314587,2178860.0
2025-07-08 16:50:46.000,2025-07-08 16:51:13,2053906517983396072,,71.0,84.0,2179040.0
2025-07-08 16:58:48.000,2025-07-08 16:59:21,2053908564116029672,,78.0,14.575243692395068,78.0
2025-07-09 06:28:18.000,2025-07-09 06:28:56,2054112302868873448,,64.0,28.0,2180780.0
2025-07-09 08:02:19.000,2025-07-09 08:02:57,2054135961604079848,,67.0,109.0,2182010.0
2025-07-09 08:08:21.000,2025-07-09 08:09:04,2054137500666200296,,75.0,83.0,2182330.0
2025-07-09 08:44:31.000,2025-07-09 08:45:34,2054146689127792872,,60.0,86.0,2186620.0
2025-07-09 08:59:25.000,2025-07-09 09:00:03,2054150334183637224,,25.0,38.777185823553744,2186910.0
2025-07-09 09:03:27.000,2025-07-09 09:04:08,2054151358256414952,,11.0,62.0,2187010.0
2025-07-09 09:14:31.000,2025-07-09 09:15:16,2054154160051437800,,26.0,34.0,2187810.0
2025-07-09 09:16:31.000,2025-07-09 09:17:18,2054154671672639720,,60.0,20.41830517263731,2187990.0
2025-07-09 09:19:32.000,2025-07-09 09:20:20,2054155437145669864,,66.0,45.0,2188260.0
2025-07-09 09:24:33.000,2025-07-09 09:25:23,2054156708191863016,,55.00000000000001,19.0,2188330.0
2025-07-09 09:29:35.000,2025-07-09 09:30:27,2054157983012847848,,64.0,78.69705593658752,2188550.0
2025-07-09 09:41:39.000,2025-07-09 09:42:18,2054160964076552424,,64.0,126.0,2189630.0
2025-07-09 09:57:44.000,2025-07-09 09:58:33,2054165054781227240,,53.0,56.0,2192390.0
2025-07-09 10:10:49.000,2025-07-09 10:11:46,2054168381690544360,,49.0,22.0,2192680.0
2025-07-09 11:52:57.000,2025-07-09 11:53:59,2054194102936813800,,53.0,69.09628550439234,2193270.0
2025-07-09 11:58:58.000,2025-07-09 12:00:03,2054195632033267944,,49.0,45.53883953650602,2193680.0
2025-07-09 12:00:59.000,2025-07-09 12:02:04,2054196138516529384,,34.0,20.0,34.0
2025-07-09 14:33:32.000,2025-07-09 14:34:51,2054234589404070120,,31.0,56.0,2195230.0
2025-07-09 14:40:36.000,2025-07-09 14:40:58,2054236126759239912,,49.0,111.0,2195880.0
2025-07-09 14:42:37.000,2025-07-09 14:43:00,2054236637382394088,,40.0,125.0748516856291,2196180.0
2025-07-09 14:46:38.000,2025-07-09 14:47:04,2054237660818079976,,33.0,114.0,2196570.0
2025-07-09 14:49:39.000,2025-07-09 14:50:12,2054238451456655592,,37.0,123.53954329668431,2196830.0
2025-07-09 14:58:43.000,2025-07-09 14:59:14,2054240724375126248,,47.0,105.09176662324757,2197890.0
2025-07-09 15:04:45.000,2025-07-09 15:05:52,2054242394672496872,,8.0,105.0,2198660.0
2025-07-09 15:35:54.000,2025-07-09 15:36:21,2054250065756946664,,21.0,140.0,2203320.0
2025-07-09 15:45:58.002,2025-07-09 15:46:57,2054252734063968488,,28.999999999999996,25.681690506028264,2203900.0
2025-07-09 15:49:00.000,2025-07-09 15:50:00,2054253500027650280,,11.0,60.00000000000001,2204040.0
2025-07-09 15:56:03.000,2025-07-09 15:57:19,2054255339385127144,,24.0,15.000000000000002,2204300.0
2025-07-09 16:02:05.000,2025-07-09 16:04:52,2054257242945569000,,19.0,15.000000000000002,2204440.0
2025-07-09 16:09:08.000,2025-07-09 16:10:22,2054258626847064296,,16.0,9.0,2204590.0
2025-07-09 16:14:09.000,2025-07-09 16:15:27,2054259903660310760,,18.0,98.0,2204970.0
2025-07-09 17:04:50.000,2025-07-09 17:05:51,2054272588951093480,,26.0,22.585145721570253,26.0
2025-07-09 17:07:51.000,2025-07-09 17:08:31,2054273257347039464,,13.0,23.74820201621118,13.0
2025-07-10 05:18:29.000,2025-07-10 05:19:29,2054457212604137704,,23.0,84.0,2205920.0
2025-07-10 05:24:32.000,2025-07-10 05:25:35,2054458748545630440,,16.0,48.0,2206110.0
2025-07-10 05:46:37.000,2025-07-10 05:47:13,2054464193243103464,,96.0,115.0,2207390.0
2025-07-10 05:57:41.000,2025-07-10 06:00:21,2054467498241179880,,96.0,0.0,2207750.0
2025-07-10 07:22:09.000,2025-07-10 07:23:11,2054488343948919016,,96.0,137.0,2208440.0
2025-07-10 07:29:13.000,2025-07-10 07:30:18,2054490134523068648,,96.0,77.0,2209280.0
2025-07-10 07:35:16.000,2025-07-10 07:36:24,2054491666953437416,,96.0,136.0,2210330.0
2025-07-10 07:40:17.000,2025-07-10 07:41:26,2054492935969325288,,96.0,137.0,2211210.0
2025-07-10 07:45:18.000,2025-07-10 07:46:31,2054494215240466664,,96.0,57.0,2212060.0
2025-07-10 10:37:04.000,2025-07-10 10:38:18,2054537447148110056,,96.0,51.0,2213850.0
2025-07-10 10:42:04.000,2025-07-10 10:43:22,2054538718651351272,,96.0,91.0,2214470.0
2025-07-10 11:46:16.000,2025-07-10 11:47:21,2054554822140526824,,96.0,124.0,2215490.0
2025-07-10 11:51:17.000,2025-07-10 11:52:25,2054556097628356840,,95.0,138.0,2216240.0
2025-07-10 11:56:18.000,2025-07-10 11:57:43,2054557429437464808,,95.0,125.0,2216840.0
2025-07-10 12:01:19.000,2025-07-10 12:02:32,2054558642186764520,,95.0,129.0,2217640.0
2025-07-10 12:05:21.000,2025-07-10 12:06:35,2054559661159350504,,96.0,124.83038762369824,2218110.0
2025-07-10 12:12:23.000,2025-07-10 12:13:42,2054561455239332072,,96.0,130.0,2219220.0
2025-07-10 15:43:25.000,2025-07-10 15:44:10,2054614418364399848,,81.0,97.0,2219810.0
2025-07-10 17:05:17.000,2025-07-10 17:05:54,2054634988909134056,,96.0,20.0,2220610.0
2025-07-10 17:11:19.000,2025-07-10 17:12:04,2054636541934158056,,83.0,47.0,2220790.0
2025-07-10 17:18:24.000,2025-07-10 17:19:06,2054638310294552808,,89.0,6.0,2221120.0
2025-07-10 17:24:25.000,2025-07-10 17:25:12,2054639845732597992,,83.0,83.0,2221290.0
2025-07-10 17:27:27.000,2025-07-10 17:28:15,2054640613018288360,,83.0,36.49552124553205,2221460.0
2025-07-11 05:15:39.000,2025-07-11 05:16:04,2054818742470738152,,89.0,111.0,2222330.0
2025-07-11 05:26:42.000,2025-07-11 05:27:14,2054821552167518440,,81.0,88.0,2222920.0
2025-07-11 05:31:44.000,2025-07-11 05:32:18,2054822827919638760,,82.0,82.0,2223430.0
2025-07-11 13:28:55.000,2025-07-11 13:30:15,2054943107429974248,,82.0,30.000000000000004,2224520.0
2025-07-11 13:34:58.000,2025-07-11 13:35:20,2054944383425659112,,79.0,18.0,2224670.0
2025-07-11 13:42:01.000,2025-07-11 13:42:28,2054946178654961896,,94.0,24.0,2224880.0
2025-07-11 13:48:03.000,2025-07-11 13:48:34,2054947714106081512,,78.0,0.0,2225080.0
2025-07-11 13:55:06.000,2025-07-11 13:55:39,2054949498391904488,,76.0,45.0,2225440.0
2025-07-11 15:53:22.000,2025-07-11 15:54:09,2054979319209459944,,78.0,25.0,2226410.0
2025-07-11 15:58:23.000,2025-07-11 15:59:12,2054980592130457832,,75.0,50.0,75.0
2025-07-11 15:59:24.000,2025-07-11 16:00:14,2054980852773322984,,89.0,37.63079753313538,2226690.0
2025-07-11 17:04:24.000,2025-07-11 17:04:48,2054997100227428584,,79.0,0.1666800422256107,79.0
2025-07-12 07:32:11.000,2025-07-12 07:33:19,2055215669259043048,,76.0,103.0,2228600.0
2025-07-12 07:39:15.000,2025-07-12 07:40:16,2055217419323982056,,80.0,0.2259440572391611,80.0
2025-07-12 09:58:54.000,2025-07-12 09:59:20,2055252414596120808,,77.0,11.0,2230130.0
2025-07-13 08:39:26.000,2025-07-13 08:40:00,2055594839659544808,,71.0,75.0,2230710.0
2025-07-13 08:45:29.000,2025-07-13 08:46:04,2055596364263506152,,71.0,88.0,2231060.0
2025-07-13 08:56:34.000,2025-07-13 08:57:15,2055599180335907048,,69.0,105.0,2232370.0
2025-07-13 09:06:35.000,2025-07-13 09:07:25,2055601736458125544,,64.0,90.0,2233930.0
2025-07-13 09:17:39.000,2025-07-13 09:18:37,2055604554824696040,,66.0,110.0,66.0
2025-07-13 09:22:40.000,2025-07-13 09:23:42,2055605834137796840,,69.0,123.72103934266332,2235520.0
2025-07-13 09:27:41.000,2025-07-13 09:28:45,2055607107427844328,,67.0,131.0,2236300.0
2025-07-13 09:32:43.000,2025-07-13 09:33:45,2055608364230115560,,60.0,120.0,2236900.0
2025-07-13 09:37:44.000,2025-07-13 09:38:47,2055609631685771496,,71.0,69.0,2237590.0
2025-07-13 09:42:45.000,2025-07-13 09:43:24,2055610794821796072,,60.0,90.0,2238260.0
2025-07-13 09:48:47.000,2025-07-13 09:49:29,2055612325247009000,,28.999999999999996,73.0,2238570.0
2025-07-13 09:54:49.000,2025-07-13 09:55:35,2055613858080555240,,55.00000000000001,28.0,2238930.0
2025-07-13 18:35:40.000,2025-07-13 18:36:26,2055744935092748520,,48.0,124.0,2240340.0
2025-07-13 18:42:43.000,2025-07-13 18:43:32,2055746723129016552,,40.0,49.750288603406446,2241400.0
2025-07-13 18:46:44.000,2025-07-13 18:47:37,2055747750246580456,,49.0,113.0,2242310.0
2025-07-13 19:02:48.000,2025-07-13 19:04:10,2055751913219031272,,45.0,125.0,2244150.0
2025-07-13 19:08:51.000,2025-07-13 19:09:39,2055753293715652840,,46.0,119.0,2245020.0
2025-07-13 19:14:53.000,2025-07-13 19:15:41,2055754814998069480,,38.0,77.0,2245590.0
2025-07-13 19:19:54.003,2025-07-13 19:20:49,2055756105346318568,,47.0,73.0,2245750.0
2025-07-13 19:24:55.000,2025-07-13 19:25:50,2055757369299763432,,33.0,96.0,2246080.0
2025-07-15 05:00:45.000,2025-07-15 05:01:13,2056264553465102568,,34.0,51.0,2247660.0
2025-07-15 05:06:48.000,2025-07-15 05:07:18,2056266086919454952,,35.0,49.0,2248030.0
2025-07-15 05:14:53.000,2025-07-15 05:15:24,2056268126223614184,,36.0,30.000000000000004,2248390.0
2025-07-15 05:25:17.000,2025-07-15 05:39:00,2056274062656667880,,36.0,0.1611240408180903,36.0
2025-07-15 05:44:08.000,2025-07-15 05:45:28,2056275692319932648,,26.0,32.0,2248770.0
2025-07-15 05:46:09.000,2025-07-15 05:47:34,2056276218407289064,,38.0,63.612512115169736,38.0
2025-07-15 05:56:13.000,2025-07-15 05:56:38,2056278502760022248,,35.0,11.0,2249670.0
2025-07-15 06:02:16.000,2025-07-15 06:02:44,2056280034666430696,,26.0,100.0,2250510.0
2025-07-15 06:03:16.000,2025-07-15 06:03:44,2056280288308494568,,33.0,122.37278300110502,2250640.0
2025-07-15 06:08:19.000,2025-07-15 06:08:48,2056281563712831720,,36.0,120.20964645311044,2251130.0
2025-07-15 06:12:20.000,2025-07-15 06:12:52,2056282586116341992,,35.0,121.04675066517684,2251540.0
2025-07-15 06:19:23.000,2025-07-15 06:19:57,2056284371232751848,,13.0,111.0,2252400.0
2025-07-15 10:52:54.000,2025-07-15 10:55:54,2056353812999028968,,13.0,27.0,2253110.0
2025-07-15 17:10:30.000,2025-07-15 17:11:51,2056448427050467560,,20.0,19.0,2254430.0
2025-07-15 17:11:30.000,2025-07-15 17:12:52,2056448679077789928,,16.0,5.0,16.0
2025-07-15 20:33:52.000,2025-07-15 20:34:34,2056499440810017000,,16.0,126.90462814917248,2255960.0
2025-07-16 05:21:01.000,2025-07-16 05:21:57,2056632161896825064,,23.0,89.0,2256980.0
2025-07-16 05:25:04.000,2025-07-16 05:26:00,2056633180919759080,,21.0,65.72564465049665,2257170.0
2025-07-16 05:28:05.000,2025-07-16 05:30:28,2056634304196952296,,12.0,72.0,12.0
2025-07-16 05:56:14.001,2025-07-16 05:57:19,2056641061450744040,,96.0,75.0,2258780.0
2025-07-16 05:58:15.000,2025-07-16 05:59:20,2056641569863385320,,96.0,15.667923969207408,2258900.0
2025-07-16 10:00:16.000,2025-07-16 10:05:19,2056703473059807464,,96.0,40.26989820170755,2259040.0
2025-07-16 10:10:20.000,2025-07-16 10:11:25,2056705007029682408,,96.0,28.0,2259680.0
2025-07-16 10:17:23.000,2025-07-16 10:18:30,2056706788362862824,,96.0,32.0,2259950.0
2025-07-16 10:23:25.000,2025-07-16 10:24:35,2056708322874114280,,96.0,53.0,2260170.0
2025-07-16 14:07:01.000,2025-07-16 14:07:41,2056764467060687080,,96.0,5.0,2260700.0
2025-07-16 14:13:02.000,2025-07-16 14:13:47,2056766000380117224,,96.0,13.0,2260860.0
2025-07-16 16:03:08.000,2025-07-16 16:05:14,2056794047045173480,,96.0,28.505991221517775,96.0
2025-07-16 16:13:13.000,2025-07-16 16:13:40,2056796171053433064,,96.0,35.0,2261650.0
2025-07-16 16:14:13.000,2025-07-16 16:14:41,2056796426784588008,,96.0,13.928895528653536,2261710.0
2025-07-16 16:17:15.001,2025-07-16 16:17:44,2056797195836047592,,96.0,0.2685400680301505,96.0
2025-07-16 16:20:16.000,2025-07-16 16:20:58,2056798006887874792,,96.0,107.0,2261990.0
2025-07-16 16:32:21.000,2025-07-16 16:32:58,2056801025712701672,,96.0,76.0,2262940.0
2025-07-16 16:40:27.000,2025-07-16 16:41:05,2056803070305796328,,96.0,35.0,2263250.0
2025-07-18 05:45:36.000,2025-07-18 05:46:39,2057363153263673576,,96.0,97.0,2264040.0
2025-07-18 05:52:40.000,2025-07-18 05:53:17,2057364820394737896,,96.0,38.0,2264480.0
2025-07-18 06:56:20.000,2025-07-18 06:57:04,2057380872486830312,,96.0,110.0,2264910.0
2025-07-18 07:02:22.000,2025-07-18 07:03:43,2057382548098515176,,96.0,72.0,2265310.0
2025-07-18 07:10:28.000,2025-07-18 07:12:12,2057384682936664296,,96.0,35.0,2265630.0
2025-07-18 07:21:32.000,2025-07-18 07:22:21,2057387235460251880,,96.0,95.0,96.0
2025-07-18 07:22:32.000,2025-07-18 07:23:22,2057387490213544168,,96.0,30.526523733386018,2266760.0
2025-07-18 10:27:55.000,2025-07-18 10:28:36,2057434107226603752,,94.0,56.0,2267200.0
2025-07-18 12:22:24.000,2025-07-18 12:23:02,2057462905485541608,,96.0,24.0,2267610.0
2025-07-18 14:36:50.000,2025-07-18 14:37:31,2057496748888637672,,96.0,20.0,2268730.0
2025-07-18 14:42:52.000,2025-07-18 14:43:36,2057498278609764584,,96.0,68.0,2268960.0
2025-07-18 15:53:39.000,2025-07-18 15:54:07,2057516027076018408,,96.0,49.0,2270040.0
2025-07-18 15:58:40.000,2025-07-18 15:59:11,2057517300050936040,,96.0,0.0666720168902442,96.0
2025-07-18 16:02:41.000,2025-07-18 16:03:16,2057518330247446760,,96.0,33.506392488286096,96.0
2025-07-18 16:33:03.000,2025-07-18 16:33:48,2057526014854430952,,96.0,16.41057615734596,2270630.0
2025-07-19 06:37:27.000,2025-07-19 06:39:35,2057738860742213864,,96.0,18.505188687981136,2270940.0
2025-07-19 06:40:28.000,2025-07-19 06:41:36,2057739369514647784,,96.0,0.0,2271150.0
2025-07-19 10:21:31.002,2025-07-19 10:22:43,2057795016327332072,,80.0,0.0,2271410.0
2025-07-20 09:16:51.000,2025-07-20 09:17:25,2058140969031336168,,76.0,20.0,2271740.0
2025-07-21 04:48:58.000,2025-07-21 04:49:48,2058436008664416488,,89.0,48.668720329409155,2273060.0
2025-07-21 04:51:59.000,2025-07-21 04:52:49,2058436768272810216,,81.0,122.0,2273440.0
2025-07-21 04:58:01.000,2025-07-21 04:58:54,2058438299680669928,,81.0,87.0,2273750.0
2025-07-21 05:03:01.002,2025-07-21 05:03:57,2058439570856673512,,81.0,80.0,2274100.0
2025-07-21 05:08:03.000,2025-07-21 05:09:01,2058440847179137256,,81.0,116.0,2274660.0
2025-07-21 18:00:48.000,2025-07-21 18:01:11,2058635168079642856,,82.0,71.0,2276790.0
2025-07-21 18:05:48.000,2025-07-21 18:06:14,2058636437603074280,,79.0,103.0,79.0
2025-07-21 18:11:51.000,2025-07-21 18:12:19,2058637967530508520,,72.0,32.650768271527966,2277710.0
2025-07-22 04:02:37.000,2025-07-22 04:03:12,2058786669745832168,,71.0,98.0,2279590.0
2025-07-22 12:10:24.000,2025-07-22 12:11:00,2058909428014874856,,74.0,110.0,2281500.0
2025-07-22 12:11:25.000,2025-07-22 12:12:01,2058909685511422184,,67.0,67.82766518300852,2281540.0
2025-07-22 12:13:25.000,2025-07-22 12:14:02,2058910192254566632,,78.0,117.14088167569004,2281690.0
2025-07-22 12:16:26.000,2025-07-22 12:17:04,2058910957526532328,,75.0,92.0,2281940.0
2025-07-22 12:27:30.000,2025-07-22 12:28:12,2058913758427857128,,67.0,125.0,67.0
2025-07-22 12:33:33.000,2025-07-22 12:34:15,2058915281404985576,,71.0,95.0,2284000.0
2025-07-22 12:49:37.000,2025-07-22 12:50:29,2058919366321340648,,77.0,36.0,2285280.0
2025-07-22 15:12:49.000,2025-07-22 15:13:57,2058955471125086440,,47.0,55.0,2285560.0
2025-07-22 15:19:52.000,2025-07-22 15:21:04,2058957258821206248,,49.0,0.1166760295579274,49.0
2025-07-22 15:25:07.000,2025-07-22 15:37:46,2058961464894439656,,49.0,0.0111120028150407,49.0
2025-07-22 15:46:02.000,2025-07-22 15:47:19,2058963866452230376,,68.0,32.11924413687518,2286200.0
2025-07-22 16:06:07.000,2025-07-22 16:06:34,2058968710684868840,,51.0,55.0,2287920.0
2025-07-22 16:12:08.000,2025-07-22 16:12:40,2058970247922237672,,55.00000000000001,72.0,2288110.0
2025-07-22 16:18:10.000,2025-07-22 16:18:47,2058971784417689832,,53.0,19.0,2288350.0
2025-07-22 16:21:12.000,2025-07-22 16:21:50,2058972553497821416,,64.0,16.886540277923537,2288450.0
2025-07-22 16:25:12.000,2025-07-22 16:25:54,2058973575578665192,,51.0,33.0,2288540.0
2025-07-22 16:39:19.000,2025-07-22 16:40:04,2058977142721560808,,68.0,25.0,2288910.0
2025-07-22 16:45:21.000,2025-07-22 16:46:07,2058978665508864232,,64.0,19.0,2289070.0
2025-07-22 16:59:26.000,2025-07-22 17:00:21,2058982244231594216,,72.0,4.146629050479359,2289500.0
2025-07-22 17:03:27.000,2025-07-22 17:04:23,2058983261689954536,,55.00000000000001,14.0,2289710.0
2025-07-22 17:09:29.000,2025-07-22 17:10:28,2058984792174821608,,51.0,44.0,2290170.0
2025-07-23 06:20:19.000,2025-07-23 06:21:13,2059183792605675752,,51.0,69.0,2290790.0
2025-07-23 06:25:20.000,2025-07-23 06:26:19,2059185075546996968,,48.0,33.0,2291000.0
2025-07-23 08:01:06.000,2025-07-23 08:02:30,2059209278891229416,,60.0,69.0,2292090.0
2025-07-23 10:37:21.000,2025-07-23 10:38:00,2059248410724385000,,56.99999999999999,18.0,2293860.0
2025-07-23 16:52:37.000,2025-07-23 16:53:18,2059342859095326952,,45.0,109.56619975677062,2294670.0
2025-07-23 17:02:39.000,2025-07-23 17:03:11,2059345346672689384,,49.0,71.0,2295070.0
2025-07-23 17:08:41.000,2025-07-23 17:09:18,2059346888406728936,,51.0,87.0,2295360.0
2025-07-23 17:14:43.000,2025-07-23 17:15:22,2059348414727192808,,53.0,73.0,2295920.0
2025-07-24 05:23:04.000,2025-07-24 05:23:29,2059531650651668712,,45.0,87.0,2296950.0
2025-07-24 05:29:07.000,2025-07-24 05:29:32,2059533170986189032,,51.0,98.0,2297380.0
2025-07-24 05:34:08.000,2025-07-24 05:34:37,2059534452119552232,,35.0,117.0,2297970.0
2025-07-24 05:40:11.000,2025-07-24 05:40:42,2059535982982136040,,35.0,120.0,2298720.0
2025-07-24 06:16:38.000,2025-07-24 06:17:12,2059545168650141928,,96.0,114.0,96.0
2025-07-24 06:19:38.000,2025-07-24 06:20:15,2059545934265762024,,96.0,124.83223962416736,2300870.0
2025-07-24 06:21:38.000,2025-07-24 06:22:16,2059546443383029992,,96.0,112.0,2301060.0
2025-07-24 06:27:41.000,2025-07-24 06:28:20,2059547971275669736,,96.0,107.0,2301920.0
2025-07-24 06:33:44.000,2025-07-24 06:34:24,2059549495217127656,,96.0,107.0,2302600.0
2025-07-24 06:44:47.000,2025-07-24 06:45:34,2059552305832952040,,96.0,33.0,96.0
2025-07-24 10:35:55.000,2025-07-24 10:36:35,2059610445576159464,,96.0,27.0,2303480.0
2025-07-24 16:01:12.000,2025-07-24 16:02:08,2059692369959403752,,96.0,128.13991246211117,2305860.0
2025-07-24 16:04:13.000,2025-07-24 16:05:10,2059693135302590696,,96.0,104.0,2306200.0
2025-07-24 16:07:14.000,2025-07-24 16:08:13,2059693902411219176,,96.0,117.69833381691124,2306830.0
2025-07-24 16:09:14.000,2025-07-24 16:10:15,2059694412799230184,,96.0,105.0,2306980.0
2025-07-24 16:10:14.000,2025-07-24 16:11:16,2059694669150879976,,95.0,123.28767123287672,2307120.0
2025-07-24 16:25:19.000,2025-07-24 16:26:29,2059698499062087912,,94.0,137.0,2309430.0
2025-07-24 16:30:20.000,2025-07-24 16:31:33,2059699775363612904,,79.0,77.0,2310170.0
2025-07-24 16:53:27.000,2025-07-24 16:53:54,2059705396826177768,,80.0,0.0,2311220.0
2025-07-28 12:42:33.000,2025-07-28 12:43:33,2061091946935484648,,82.0,57.0,2312420.0
2025-07-28 13:14:08.000,2025-07-28 13:15:36,2061100013316014312,,75.0,20.24606912900418,75.0
2025-07-28 13:36:59.000,2025-07-28 13:37:59,2061105647366275304,,83.0,52.944989412730656,2312770.0
2025-07-29 08:46:38.000,2025-07-29 08:47:35,2061394951958233320,,82.0,34.0,2313480.0
2025-07-29 08:52:40.000,2025-07-29 08:53:08,2061396349127917800,,89.0,103.0,2313850.0
2025-07-29 09:06:43.000,2025-07-29 09:07:46,2061400032170541288,,82.0,101.67297375715336,2315140.0
2025-07-29 09:12:45.000,2025-07-29 09:13:50,2061401559614390504,,81.0,112.68496854685873,2315910.0
2025-07-29 09:13:45.000,2025-07-29 09:14:51,2061401815282385128,,80.0,91.0,2316030.0
2025-07-29 09:24:50.000,2025-07-29 09:26:02,2061404630046228712,,82.0,115.0,2317590.0
2025-07-29 09:35:55.000,2025-07-29 09:37:14,2061407447507042536,,78.0,28.98380734256453,2318390.0
2025-07-29 09:43:58.000,2025-07-29 09:44:20,2061409234461556968,,76.0,47.0,76.0
2025-07-29 15:06:44.000,2025-07-29 15:07:20,2061490521163202792,,76.0,53.74134961447524,2319330.0
2025-07-29 15:12:47.000,2025-07-29 15:13:25,2061492049366253800,,62.0,57.0,2319930.0
2025-07-29 15:17:47.000,2025-07-29 15:18:29,2061493326242267368,,74.0,125.0,2320690.0
2025-07-29 15:22:48.000,2025-07-29 15:23:34,2061494605710459112,,74.0,116.0,2321360.0
2025-07-29 15:23:49.000,2025-07-29 15:24:36,2061494865761583336,,71.0,122.55427904708404,2321470.0
2025-07-29 15:24:49.000,2025-07-29 15:25:36,2061495117126107368,,72.0,109.42544772111344,2321490.0
2025-07-29 15:28:50.000,2025-07-29 15:29:40,2061496137860710632,,62.0,119.0,2321870.0
2025-07-29 15:39:54.000,2025-07-29 15:40:48,2061498942935417064,,67.0,42.04967065258323,2323040.0
2025-07-29 15:40:54.000,2025-07-29 15:41:49,2061499198913708264,,72.0,20.0,2323090.0
2025-07-29 15:56:00.000,2025-07-29 15:57:04,2061503034801897704,,60.0,23.846358041077373,2323910.0
2025-07-29 16:41:19.001,2025-07-29 16:41:55,2061514321623793896,,72.0,26.0,72.0
2025-07-30 05:22:54.000,2025-07-30 05:23:57,2061706092349505768,,69.0,67.0,2325200.0
2025-07-30 05:27:55.000,2025-07-30 05:29:01,2061707368042971368,,62.0,75.0,2325520.0
2025-07-30 05:33:57.000,2025-07-30 05:36:29,2061709249607631080,,64.0,77.0,2325840.0
2025-07-30 05:45:00.000,2025-07-30 05:45:37,2061711545184338152,,64.0,99.0,2326920.0
2025-07-30 10:09:06.000,2025-07-30 10:27:49,2061782566645563624,,38.0,0.0,38.0
2025-07-30 17:24:01.000,2025-07-30 17:24:36,2061887451009597672,,56.99999999999999,97.0,2328270.0
2025-07-30 17:29:02.000,2025-07-30 17:29:39,2061888720549921000,,62.0,70.0,2328470.0
2025-07-30 17:36:04.000,2025-07-30 17:36:43,2061890502302826728,,71.0,108.17719940489052,2328910.0
2025-07-30 17:40:06.000,2025-07-30 17:40:48,2061891526497714408,,55.00000000000001,39.0,2329290.0
2025-07-31 04:46:12.000,2025-07-31 04:46:43,2062059111889567976,,51.0,130.0,2329970.0
2025-07-31 04:52:15.000,2025-07-31 04:52:48,2062060642831122664,,33.0,84.0,2330500.0
2025-07-31 05:03:19.000,2025-07-31 05:03:59,2062063455241994472,,56.99999999999999,106.0,2331790.0
2025-07-31 09:01:47.000,2025-07-31 09:02:56,2062123590299484392,,53.0,18.0,2332800.0
2025-07-31 09:07:50.000,2025-07-31 09:09:01,2062125122881388776,,53.0,14.0,2333040.0
2025-07-31 09:42:01.000,2025-07-31 09:42:27,2062133535644975336,,43.0,20.0,2334160.0
2025-07-31 10:21:11.000,2025-07-31 10:21:39,2062143402052714728,,55.00000000000001,27.935575077012356,2334800.0
2025-07-31 16:22:22.000,2025-07-31 16:25:15,2062234903815110888,,49.0,99.96913332551378,2335200.0
2025-07-31 16:30:24.000,2025-07-31 16:31:20,2062236433061773544,,55.00000000000001,120.0,2335780.0
2025-07-31 16:36:27.000,2025-07-31 16:37:30,2062237986413838568,,56.99999999999999,48.0,2336350.0
2025-07-31 16:38:28.000,2025-07-31 16:39:25,2062238467299033320,,35.0,14.719699728990598,35.0
2025-08-01 00:07:42.000,2025-08-01 00:08:22,2062351451895857384,,49.0,91.50363918092192,2337870.0
2025-08-01 00:18:45.000,2025-08-01 00:19:29,2062354247118307560,,38.0,98.0,2339000.0
2025-08-01 00:24:47.000,2025-08-01 00:25:33,2062355775493423336,,42.0,50.0,2339520.0
2025-08-01 00:27:48.000,2025-08-01 00:28:37,2062356546880471272,,47.0,11.504626914505486,47.0
2025-08-01 06:31:11.000,2025-08-01 06:32:17,2062448068632002792,,33.0,42.0,2340220.0
2025-08-01 06:37:13.000,2025-08-01 06:38:23,2062449603747365096,,26.0,60.99999999999999,2340510.0
2025-08-01 06:49:18.001,2025-08-01 06:50:34,2062452668483289320,,33.0,85.0,2341160.0
2025-08-01 10:40:14.000,2025-08-01 10:41:07,2062510685832691944,,31.0,5.0,2342740.0
2025-08-01 10:53:18.000,2025-08-01 10:54:19,2062514010078609640,,27.0,30.000000000000004,2343240.0
2025-08-01 11:00:23.000,2025-08-01 11:01:26,2062515799637164264,,38.0,29.0,2343680.0
2025-08-01 11:11:26.000,2025-08-01 11:12:27,2062518574882341096,,96.0,6.0,2343960.0
2025-08-01 11:17:27.000,2025-08-01 11:18:33,2062520109230899432,,96.0,0.0,2344040.0
2025-08-01 11:30:33.000,2025-08-01 11:31:46,2062523434897866984,,96.0,39.0,2344390.0
2025-08-02 03:45:38.000,2025-08-02 03:45:59,2062768604121956584,,96.0,56.0,2344770.0
2025-08-02 03:56:42.000,2025-08-02 03:57:10,2062771419099693288,,96.0,70.0,2345580.0
2025-08-02 04:07:46.000,2025-08-02 04:08:20,2062774229509931240,,96.0,90.0,2346680.0
2025-08-02 04:13:48.000,2025-08-02 04:14:27,2062775768899453160,,96.0,100.0,2347250.0
2025-08-02 04:19:51.000,2025-08-02 04:20:30,2062777291632820456,,96.0,110.0,2348300.0
2025-08-02 04:21:51.000,2025-08-02 04:22:32,2062777800989032680,,96.0,117.1149536691216,2348360.0
2025-08-02 04:30:55.000,2025-08-02 04:31:45,2062780122531954920,,96.0,107.0,2350150.0
2025-08-02 04:41:58.000,2025-08-02 04:43:18,2062783029683683560,,96.0,119.0,2351320.0
2025-08-02 04:52:02.000,2025-08-02 04:52:27,2062785332268777704,,96.0,120.95044664077984,2353500.0
2025-08-02 04:53:02.000,2025-08-02 04:53:32,2062785604151918824,,96.0,119.0,2353570.0
2025-08-02 04:58:03.000,2025-08-02 04:58:33,2062786863768518888,,96.0,120.0,2354430.0
2025-08-02 05:04:05.000,2025-08-02 05:04:38,2062788398523072744,,89.0,116.82974559686888,89.0
2025-08-02 05:25:11.000,2025-08-02 05:25:57,2062793762333245672,,94.0,55.0,2357840.0
2025-08-02 05:31:14.000,2025-08-02 05:32:03,2062795297301561576,,83.0,126.0,2358800.0
2025-08-02 05:36:15.000,2025-08-02 05:37:07,2062796572097429736,,95.0,120.0,2359890.0
2025-08-02 06:17:41.000,2025-08-02 06:18:45,2062807047392526568,,95.0,78.0,95.0
2025-08-02 06:22:42.000,2025-08-02 06:23:49,2062808325355012328,,81.0,123.0,2361740.0
2025-08-02 06:27:43.000,2025-08-02 06:28:54,2062809602365325544,,81.0,113.0,2362350.0
2025-08-02 06:32:44.000,2025-08-02 06:33:59,2062810881284178152,,80.0,132.0,2363500.0
2025-08-02 06:37:45.000,2025-08-02 06:39:03,2062812156541272296,,74.0,132.0,2364460.0
2025-08-02 06:42:46.000,2025-08-02 06:43:07,2062813179641348328,,77.0,130.0,2365120.0
2025-08-02 07:08:52.000,2025-08-02 07:09:31,2062819824966516968,,76.0,129.0,2369450.0
2025-08-02 07:13:53.001,2025-08-02 07:14:36,2062821104447258856,,78.0,131.0,2370110.0
2025-08-02 07:19:56.000,2025-08-02 07:20:41,2062822635746066664,,75.0,118.0,2370950.0
2025-08-02 07:30:59.000,2025-08-02 07:31:51,2062825443236806888,,56.99999999999999,74.86897096680597,2372560.0
2025-08-02 08:03:09.000,2025-08-02 08:04:22,2062833629670686952,,75.0,114.0,2375820.0
2025-08-02 08:08:10.000,2025-08-02 08:09:27,2062834907847065832,,67.0,133.0,2376990.0
2025-08-02 08:13:12.000,2025-08-02 08:14:32,2062836185406947560,,60.0,135.28307827171318,2377960.0
2025-08-02 08:29:16.000,2025-08-02 08:29:45,2062840015607759080,,40.0,125.0,2380200.0
2025-08-02 08:33:18.000,2025-08-02 08:33:48,2062841033523495144,,53.0,125.3119077456833,2380810.0
2025-08-02 08:50:22.000,2025-08-02 08:51:04,2062845380990796008,,27.0,132.0,2383700.0
2025-08-02 08:55:23.000,2025-08-02 08:56:08,2062846656419922152,,26.0,123.0,2384550.0
2025-08-02 09:06:28.000,2025-08-02 09:07:18,2062849464359518440,,42.0,134.0,2386600.0
2025-08-02 09:24:35.000,2025-08-02 09:25:33,2062854057940287720,,27.0,17.0,2388160.0
2025-08-02 09:30:36.000,2025-08-02 09:31:35,2062855577008161000,,40.0,89.02381055269869,2388510.0
2025-08-02 09:36:38.000,2025-08-02 09:37:41,2062857111410426088,,28.999999999999996,24.0,2388640.0
2025-08-02 09:45:45.000,2025-08-02 09:46:49,2062859411369640168,,35.0,44.0,2388920.0
2025-08-02 09:46:45.000,2025-08-02 09:47:50,2062859666962022632,,28.999999999999996,56.534166321988806,2388980.0
2025-08-02 09:53:50.000,2025-08-02 09:54:57,2062861457481056488,,28.999999999999996,28.0,2389220.0
2025-08-02 10:13:00.000,2025-08-02 10:14:16,2062866317790560488,,28.999999999999996,60.00000000000001,2390320.0
2025-08-02 10:26:05.000,2025-08-02 10:26:27,2062869386145956072,,27.0,79.0,2391110.0
2025-08-02 10:37:08.000,2025-08-02 10:37:38,2062872200452751592,,31.0,7.0,2391620.0
2025-08-02 10:44:11.000,2025-08-02 10:44:46,2062873993341534440,,11.0,26.0,2391800.0
2025-08-02 10:50:13.000,2025-08-02 10:51:34,2062875705397903592,,23.0,71.0,2392150.0
2025-08-02 11:55:10.000,2025-08-02 11:55:58,2062891910808371432,,96.0,73.0,2393190.0
2025-08-02 12:16:15.000,2025-08-02 12:17:14,2062897265294491880,,96.0,108.0,2396150.0
2025-08-02 12:21:16.000,2025-08-02 12:22:14,2062898524286238952,,96.0,134.0,2396940.0
2025-08-02 12:27:18.000,2025-08-02 12:28:21,2062900061914136808,,96.0,104.07872236660968,2397740.0
2025-08-02 12:33:21.000,2025-08-02 12:34:25,2062901589605138664,,96.0,74.0,2398250.0
2025-08-02 12:39:23.000,2025-08-02 12:41:15,2062903308347293928,,96.0,75.0,2398740.0
2025-08-02 12:50:27.000,2025-08-02 12:51:23,2062905857972207848,,96.0,22.0,2399430.0
2025-08-02 15:43:51.000,2025-08-02 15:45:01,2062949556202520808,,96.0,69.0,2399780.0
2025-08-02 15:46:52.000,2025-08-02 15:47:47,2062950251677139176,,83.0,16.338348139048193,2399910.0
2025-08-02 16:57:51.000,2025-08-02 16:59:04,2062968191637799144,,96.0,30.000000000000004,2400280.0
2025-08-03 16:02:05.000,2025-08-03 16:03:22,2063316559287369960,,96.0,65.0,2400780.0
2025-08-04 08:59:49.000,2025-08-04 09:00:39,2063572567964467432,,96.0,69.0,2401550.0
2025-08-04 09:11:53.000,2025-08-04 09:13:02,2063575682761818344,,96.0,26.0,2402110.0
2025-08-04 10:55:22.000,2025-08-04 10:56:37,2063601752564826344,,94.0,54.0,2402730.0
2025-08-05 09:01:21.000,2025-08-05 09:01:48,2063935245660750056,,96.0,46.0,2403540.0
2025-08-05 09:07:24.000,2025-08-05 09:08:17,2063936874750034152,,96.0,23.0,2403790.0
2025-08-05 11:12:27.000,2025-08-05 11:13:57,2063968503489052904,,96.0,57.10273046602505,2404130.0
2025-08-05 11:21:31.000,2025-08-05 11:22:01,2063970530243133672,,96.0,27.0,2404560.0
2025-08-05 18:25:05.000,2025-08-05 18:26:25,2064077336667504872,,89.0,41.0,89.0
2025-08-08 08:58:05.000,2025-08-08 08:58:35,2065021598196531432,,83.0,60.00000000000001,2406180.0
2025-08-08 09:05:09.000,2025-08-08 09:06:38,2065023625514778856,,95.0,47.0,2406490.0
2025-08-08 11:34:45.001,2025-08-08 11:36:45,2065061404787933416,,89.0,31.06915987085383,2407310.0
2025-08-09 06:08:02.000,2025-08-09 06:09:17,2065341381139874024,,81.0,70.0,2407660.0
2025-08-09 06:19:06.000,2025-08-09 06:20:21,2065344164953866472,,96.0,60.00000000000001,2408180.0
2025-08-09 13:34:05.000,2025-08-09 13:34:55,2065453530440859880,,94.0,25.0,94.0
2025-08-09 13:40:08.002,2025-08-09 13:41:16,2065455127275503848,,96.0,19.0,2409030.0
2025-08-09 13:45:09.000,2025-08-09 13:47:34,2065456713842065640,,82.0,55.0,2409390.0
2025-08-09 13:50:11.000,2025-08-09 13:50:38,2065457483581948136,,82.0,39.20314593146364,2409750.0
2025-08-10 09:28:59.000,2025-08-10 09:32:14,2065754844417065192,,80.0,58.0,2410450.0
2025-08-10 11:44:54.000,2025-08-10 11:45:55,2065788485398184168,,72.0,56.0,2411060.0
2025-08-11 14:49:01.000,2025-08-11 14:50:08,2066197233870962920,,83.0,67.0,2411990.0
2025-08-11 14:55:02.000,2025-08-11 15:00:19,2066199796810547432,,81.0,10.0,2412370.0
2025-08-11 17:36:28.000,2025-08-11 17:36:54,2066239199996149992,,80.0,79.36562810595912,2413170.0
2025-08-11 17:39:30.000,2025-08-11 17:39:57,2066239969701478632,,80.0,23.0,2413340.0
2025-08-12 09:33:24.000,2025-08-12 09:35:01,2066480319884148968,,71.0,65.0,2414020.0
2025-08-12 17:44:32.000,2025-08-12 17:45:25,2066603733982134504,,78.0,0.0,2415270.0
2025-08-12 17:46:33.000,2025-08-12 17:47:27,2066604245976711400,,79.0,64.48480433615045,2415370.0
2025-08-12 17:47:33.001,2025-08-12 17:48:28,2066604502055764200,,67.0,44.51838727799144,2415460.0
2025-08-12 17:49:34.000,2025-08-12 17:50:30,2066605013379088616,,89.0,50.0,2415580.0
2025-08-13 09:44:54.000,2025-08-13 09:46:03,2066845485066404072,,76.0,29.0,2416500.0
2025-08-13 09:55:57.000,2025-08-13 09:57:03,2066848251419607272,,89.0,52.0,2417140.0
2025-08-13 10:03:01.000,2025-08-13 10:04:10,2066850042475610344,,69.0,0.0,69.0
2025-08-13 18:19:55.000,2025-08-13 18:21:01,2066975079568408808,,96.0,63.0,2417790.0
2025-08-13 18:24:56.000,2025-08-13 18:25:53,2066976305304551656,,83.0,81.0,2418320.0
2025-08-13 18:31:59.000,2025-08-13 18:32:59,2066978089560260840,,81.0,0.0,2418960.0
2025-08-14 09:07:22.000,2025-08-14 09:07:57,2067198285768179944,,76.0,44.0,2419710.0
2025-08-14 09:25:29.000,2025-08-14 09:26:11,2067202871749279976,,69.0,120.0,2421240.0
2025-08-14 09:30:31.000,2025-08-14 09:31:14,2067204142648312040,,66.0,133.0,2422170.0
2025-08-14 09:43:36.000,2025-08-14 09:44:25,2067207463060619496,,71.0,18.0,2422990.0
2025-08-14 09:49:38.000,2025-08-14 09:50:31,2067208997584339176,,49.0,12.0,2423200.0
2025-08-14 13:03:56.000,2025-08-14 13:04:52,2067257905282859240,,21.0,44.0,2423820.0
2025-08-14 13:18:04.000,2025-08-14 13:19:05,2067261482273538280,,62.0,31.0,2424680.0
2025-08-14 13:29:07.000,2025-08-14 13:30:13,2067264285192569064,,72.0,43.0,2425240.0
2025-08-14 13:38:11.000,2025-08-14 13:39:21,2067266582626910440,,60.0,42.64786680412626,2425730.0
2025-08-15 08:25:54.001,2025-08-15 08:27:06,2067550391255630056,,60.0,44.39985924796434,60.0
2025-08-15 08:27:55.000,2025-08-15 08:29:07,2067550898229346536,,60.0,48.0,2426730.0
2025-08-15 14:41:02.000,2025-08-15 14:41:54,2067644711891402984,,75.0,75.0,2427680.0
2025-08-15 17:54:41.000,2025-08-15 17:56:00,2067693561721127144,,40.0,71.0,2428290.0
2025-08-16 08:28:50.000,2025-08-16 08:29:42,2067913432253923560,,96.0,21.0,2430060.0
2025-08-16 08:55:59.000,2025-08-16 08:57:04,2067920318629970152,,96.0,125.0,2434050.0
2025-08-16 09:02:02.000,2025-08-16 09:03:08,2067921845352513768,,96.0,82.0,2434670.0
2025-08-16 09:14:07.000,2025-08-16 09:15:01,2067924837133025512,,96.0,92.0,2435600.0
2025-08-16 09:20:09.000,2025-08-16 09:21:07,2067926371593781480,,96.0,67.0,2436170.0
2025-08-16 09:27:13.000,2025-08-16 09:28:14,2067928165275566312,,96.0,0.0,2436500.0
2025-08-16 09:38:16.000,2025-08-16 09:39:26,2067930983549665512,,96.0,84.0,2436970.0
2025-08-16 09:40:16.000,2025-08-16 09:41:30,2067931501579747560,,96.0,35.754721057862675,2437150.0
2025-08-16 09:50:21.000,2025-08-16 09:51:30,2067934021026857192,,95.0,53.0,2437620.0
2025-08-16 10:01:25.000,2025-08-16 10:02:41,2067936833102233832,,89.0,74.0,2438370.0
2025-08-16 10:06:26.000,2025-08-16 10:07:03,2067937933268271336,,96.0,64.0,2438820.0
2025-08-16 10:30:35.000,2025-08-16 10:31:27,2067944072462532840,,95.0,36.0,95.0
2025-08-16 10:37:38.000,2025-08-16 10:38:33,2067945861044224232,,96.0,56.0,2440050.0
2025-08-16 10:42:40.000,2025-08-16 10:43:37,2067947135571116264,,96.0,47.0,2440270.0
2025-08-16 10:53:43.000,2025-08-16 10:54:48,2067949947738685672,,95.0,6.0,2440800.0
2025-08-16 10:59:46.000,2025-08-16 11:00:19,2067951336943173864,,96.0,20.0,2441040.0
2025-08-16 11:26:56.000,2025-08-16 11:27:31,2067958182990577896,,82.0,18.0,2441860.0
2025-08-16 11:31:57.000,2025-08-16 11:32:36,2067959461976424680,,95.0,20.262737133226743,2442120.0
2025-08-16 11:36:59.000,2025-08-16 11:37:40,2067960736008716520,,94.0,52.0,2442320.0
2025-08-16 11:41:01.000,2025-08-16 11:41:44,2067961759771230440,,82.0,31.79514405476983,2442720.0
2025-08-16 11:54:06.000,2025-08-16 11:54:57,2067965085393010920,,83.0,21.0,2443500.0
2025-08-16 12:36:42.000,2025-08-16 12:37:23,2067975763026084072,,82.0,123.88401538395055,2443750.0
2025-08-16 12:55:49.000,2025-08-16 12:56:41,2067980623716450536,,83.0,109.0,2446130.0
2025-08-16 13:06:53.000,2025-08-16 13:07:31,2067983349725872360,,82.0,63.0,2447820.0
2025-08-16 13:11:54.000,2025-08-16 13:12:37,2067984631407395048,,79.0,128.0,2448460.0
2025-08-16 13:40:04.000,2025-08-16 13:41:01,2067991777507459304,,81.0,120.0,2450810.0
2025-08-16 13:45:05.000,2025-08-16 13:46:05,2067993054429626600,,77.0,129.0,2451760.0
2025-08-16 14:11:14.000,2025-08-16 14:12:25,2067999681291501800,,72.0,36.0,2455480.0
2025-08-16 14:22:17.000,2025-08-16 14:23:34,2068002487079534824,,64.0,87.0,2456270.0
2025-08-16 14:28:19.000,2025-08-16 14:29:39,2068004017144856808,,67.0,117.3742337348059,2456870.0
2025-08-16 14:33:21.000,2025-08-16 14:33:42,2068005036054757608,,53.0,90.2702068684524,2457650.0
2025-08-16 14:39:24.000,2025-08-16 14:39:47,2068006566006866152,,74.0,43.0,2458210.0
2025-08-16 14:44:25.000,2025-08-16 14:47:47,2068008583215431912,,64.0,96.0,2458830.0
2025-08-16 15:02:33.000,2025-08-16 15:02:59,2068012406093824232,,64.0,66.0,2460560.0
2025-08-16 15:13:36.000,2025-08-16 15:14:08,2068015214498037992,,63.0,27.0,2461230.0
2025-08-16 15:31:43.000,2025-08-16 15:32:24,2068019808091668712,,48.0,89.0,2462590.0
2025-08-16 15:36:44.000,2025-08-16 15:37:28,2068021086335320296,,51.0,19.0,2462910.0
2025-08-16 18:22:40.000,2025-08-16 18:23:29,2068062862173176040,,51.0,21.0,51.0
2025-08-16 18:27:41.000,2025-08-16 18:28:32,2068064136662728936,,64.0,40.0,2463240.0
2025-08-16 18:34:44.000,2025-08-16 18:35:38,2068065920412090600,,71.0,39.0,71.0
2025-08-16 18:40:46.000,2025-08-16 18:41:43,2068067451991539944,,31.0,91.0,2464090.0
2025-08-16 18:46:48.000,2025-08-16 18:47:48,2068068983537467624,,51.0,71.0,2464610.0
2025-08-16 22:09:06.000,2025-08-16 22:10:05,2068119890252923112,,49.0,12.0,2465000.0
2025-08-16 22:15:08.000,2025-08-16 22:16:21,2068121465554764008,,53.0,51.0,2465140.0
2025-08-16 22:23:12.000,2025-08-16 22:24:28,2068123507539050728,,35.0,42.79602684166014,2465840.0
2025-08-16 22:27:14.000,2025-08-16 22:28:31,2068124526834630888,,40.0,9.600770432195176,2466080.0
2025-08-16 22:33:16.000,2025-08-16 22:34:36,2068126059953389800,,47.0,31.0,2466370.0
2025-08-17 07:19:14.000,2025-08-17 07:20:16,2068258349820133608,,56.99999999999999,86.0,2467510.0
2025-08-17 07:24:15.000,2025-08-17 07:25:20,2068259622787088616,,43.0,10.0,2467790.0
2025-08-17 07:31:18.000,2025-08-17 07:32:26,2068261408184795368,,27.0,14.0,2467890.0
2025-08-17 20:49:57.000,2025-08-17 20:50:48,2068462326482469096,,45.0,27.0,2468140.0
2025-08-17 21:01:00.000,2025-08-17 21:01:58,2068465133503430888,,42.0,67.0,2468810.0
2025-08-17 21:07:02.000,2025-08-17 21:08:03,2068466664642511080,,0.0,42.0,2469170.0
2025-08-18 07:05:57.000,2025-08-18 07:06:34,2068617287199719656,,7.000000000000001,66.0,2470300.0
2025-08-18 07:13:01.000,2025-08-18 07:13:40,2068619076770529512,,38.0,79.0,2470860.0
2025-08-18 07:17:02.000,2025-08-18 07:17:44,2068620099144761576,,28.999999999999996,14.027051553519728,2471070.0
2025-08-18 07:19:03.000,2025-08-18 07:19:46,2068620609449017576,,33.0,68.0,2471150.0
2025-08-18 14:29:52.000,2025-08-18 14:31:21,2068729219344531688,,18.0,78.0,2471500.0
2025-08-18 14:35:56.000,2025-08-18 14:37:42,2068730819245408488,,21.0,41.08477840814387,2472070.0
2025-08-18 14:42:59.000,2025-08-18 14:43:47,2068732348488302824,,32.0,124.93039564903356,2473050.0
2025-08-18 14:48:00.000,2025-08-18 14:48:51,2068733625440420072,,21.0,144.0,2473920.0
2025-08-18 14:53:01.002,2025-08-18 14:53:54,2068734897232822504,,23.0,136.0,2475050.0
2025-08-18 14:56:02.000,2025-08-18 14:56:56,2068735660625297640,,20.0,119.51885027810874,2475590.0
2025-08-18 14:58:03.000,2025-08-18 14:58:58,2068736169981575400,,14.000000000000002,125.0,2475910.0
2025-08-18 15:03:03.000,2025-08-18 15:04:02,2068737444370530536,,20.0,81.0,2476910.0
2025-08-18 15:09:06.000,2025-08-18 15:10:12,2068738999396237544,,0.0,116.0,2478010.0
2025-08-18 15:32:15.000,2025-08-18 15:32:55,2068744713749627112,,96.0,126.0,2479970.0
2025-08-18 15:37:16.000,2025-08-18 15:37:58,2068745987270312168,,96.0,134.0,2481070.0
2025-08-18 16:03:24.000,2025-08-18 16:03:44,2068752472318640360,,96.0,126.0,96.0
2025-08-18 16:08:25.000,2025-08-18 16:08:49,2068753748154695912,,95.0,110.0,2487570.0
2025-08-18 16:13:25.000,2025-08-18 16:13:52,2068755021062996200,,96.0,131.0,2488520.0
2025-08-18 16:18:26.000,2025-08-18 16:19:25,2068756416423903464,,95.0,110.0,2489640.0
2025-08-18 16:23:27.000,2025-08-18 16:24:28,2068757689244254440,,95.0,134.0,2490640.0
2025-08-18 16:34:31.000,2025-08-18 16:35:37,2068760494147174632,,96.0,133.0,96.0
2025-08-18 16:39:32.000,2025-08-18 16:40:41,2068761769655959784,,95.0,142.0,2494090.0
2025-08-18 17:11:43.000,2025-08-18 17:12:05,2068769672953757928,,77.0,122.0,2500470.0
2025-08-18 17:22:47.000,2025-08-18 17:23:13,2068772472211751144,,79.0,129.0,2502740.0
2025-08-18 17:27:48.000,2025-08-18 17:28:17,2068773746118312168,,77.0,140.0,2503880.0
2025-08-18 17:38:53.000,2025-08-18 17:39:27,2068776558415577320,,67.0,124.0,2506090.0
2025-08-18 17:43:54.000,2025-08-18 17:44:29,2068777825846362344,,72.0,127.24910023643874,2507120.0
2025-08-18 17:49:56.000,2025-08-18 17:50:34,2068779355118698728,,60.0,125.69341984233304,2508480.0
2025-08-18 17:52:56.000,2025-08-18 17:53:37,2068780122848329960,,59.0,127.30280825004476,59.0
2025-08-18 17:55:57.000,2025-08-18 17:56:40,2068780892540797160,,56.99999999999999,122.8765271287202,2509450.0
2025-08-18 18:05:00.000,2025-08-18 18:05:49,2068783191702978792,,51.0,131.0,2511570.0
2025-08-18 18:15:03.000,2025-08-18 18:15:37,2068785659409203432,,53.0,0.0,53.0
2025-08-18 19:02:53.000,2025-08-18 19:04:01,2068797840787800296,,80.0,119.45032626074936,2513890.0
2025-08-18 19:58:10.000,2025-08-18 19:58:38,2068811586268774632,,60.0,111.59414027051554,2522890.0
2025-08-18 20:11:14.000,2025-08-18 20:11:53,2068814921377906920,,54.0,127.68246834622532,2524640.0
2025-08-18 20:21:17.000,2025-08-18 20:21:47,2068817410832023784,,62.0,119.0,62.0
2025-08-18 20:32:22.000,2025-08-18 20:33:22,2068820325482676456,,64.0,103.0,2528190.0
2025-08-18 20:34:22.000,2025-08-18 20:35:21,2068820825225609448,,51.0,110.5718360115318,2528330.0
2025-08-18 20:37:23.000,2025-08-18 20:38:34,2068821636345282792,,56.99999999999999,101.0,2528570.0
2025-08-18 20:58:29.000,2025-08-18 20:58:59,2068826773961015528,,51.0,84.0,2531130.0
2025-08-18 21:10:34.000,2025-08-18 21:11:09,2068829835228397800,,31.0,24.0,31.0
2025-08-18 21:13:34.000,2025-08-18 21:14:12,2068830602098950376,,47.0,12.995487292190116,2532370.0
2025-08-20 14:53:09.000,2025-08-20 14:53:40,2069459611689713896,,45.0,37.0,45.0
2025-08-20 15:03:13.000,2025-08-20 15:03:39,2069462127726428392,,42.0,19.851593029070234,42.0
2025-08-20 15:14:20.000,2025-08-20 15:15:18,2069465059100426472,,38.0,22.407353676529603,2533360.0
2025-08-20 15:21:23.000,2025-08-20 15:21:52,2069466710976512232,,43.0,0.1314920333113151,43.0
2025-08-20 16:05:52.000,2025-08-20 16:06:31,2069477946242089192,,38.0,65.0,38.0
2025-08-22 15:33:52.000,2025-08-22 15:35:05,2070194811125645544,,31.0,112.19418842252774,2536140.0
2025-08-22 15:36:53.000,2025-08-22 15:38:12,2070195594521100520,,28.999999999999996,18.608900714254847,2536390.0
2025-08-22 16:35:43.000,2025-08-22 16:36:21,2070210228507656424,,33.0,19.0,2537910.0
2025-08-25 05:05:13.000,2025-08-25 05:05:51,2071123623712784616,,38.0,32.0,2538320.0
2025-08-25 05:16:16.000,2025-08-25 05:17:01,2071126435346612456,,33.0,60.99999999999999,2538960.0
2025-08-25 05:26:19.000,2025-08-25 05:26:45,2071128881422926056,,20.0,93.38527165760216,2539740.0
2025-08-25 17:21:53.000,2025-08-25 17:22:26,2071308990742216936,,25.0,93.0,2541430.0
2025-08-25 17:27:56.000,2025-08-25 17:28:32,2071310526382080232,,28.999999999999996,83.0,2541720.0
2025-08-25 17:28:57.000,2025-08-25 17:29:33,2071310782083252456,,3.0,68.32029730780866,2541740.0
2025-08-25 17:33:58.000,2025-08-25 17:34:37,2071312055012573416,,16.0,82.0,2542030.0
2025-08-26 05:09:30.000,2025-08-26 05:10:22,2071487148552437992,,18.0,115.0,18.0
2025-08-26 05:15:33.000,2025-08-26 05:16:29,2071488685672890600,,13.0,64.0,13.0
2025-08-26 05:20:33.001,2025-08-26 05:21:33,2071489962993500392,,16.0,106.0,2543990.0
2025-08-26 16:14:21.000,2025-08-26 16:17:05,2071654934813606120,,96.0,86.82733799625898,2546650.0
2025-08-26 16:19:23.000,2025-08-26 16:20:56,2071655900167143656,,95.0,26.0,2546980.0
2025-08-26 16:25:25.000,2025-08-26 16:27:29,2071657551136686312,,96.0,89.0,2547140.0
2025-08-26 16:37:30.000,2025-08-26 16:38:32,2071660332199280872,,96.0,63.0,96.0
2025-08-26 16:41:31.000,2025-08-26 16:42:38,2071661361993531624,,94.0,6.363473612079982,2547940.0
2025-08-26 20:50:11.000,2025-08-26 20:51:23,2071723962148110568,,96.0,22.69256174878231,2548960.0
2025-08-27 05:19:55.000,2025-08-27 05:20:45,2071852150489252072,,96.0,35.0,2549390.0
2025-08-27 05:25:58.000,2025-08-27 05:26:51,2071853686304358632,,95.0,77.0,2549820.0
2025-08-27 05:32:01.000,2025-08-27 05:33:54,2071855456506167528,,95.0,58.0,2550140.0
2025-08-27 05:34:01.000,2025-08-27 05:34:54,2071855709468934376,,96.0,78.08959978269861,2550280.0
2025-08-27 05:37:02.000,2025-08-27 05:37:56,2071856472639324392,,96.0,78.0,96.0
2025-08-27 05:42:03.000,2025-08-27 05:42:59,2071857746290000104,,96.0,90.0,2551010.0
2025-08-27 16:41:37.000,2025-08-27 16:42:15,2072023653801017576,,96.0,60.00000000000001,2552760.0
2025-08-27 16:47:40.000,2025-08-27 16:48:20,2072025186978480360,,96.0,29.0,2553360.0
2025-08-28 05:19:03.000,2025-08-28 05:19:28,2072214215619854568,,96.0,74.0,2553900.0
2025-08-28 05:30:06.000,2025-08-28 05:30:38,2072217023831851240,,96.0,76.0,2554440.0
2025-08-28 05:36:09.000,2025-08-28 05:36:43,2072218554379485416,,95.0,85.0,2554990.0
2025-08-28 09:53:34.000,2025-08-28 09:54:29,2072283425595687144,,83.0,20.0,83.0
2025-08-28 09:55:35.000,2025-08-28 09:56:30,2072283932899983592,,95.0,35.47692098748665,2556180.0
2025-08-28 15:59:24.000,2025-08-28 16:00:30,2072375533768868072,,82.0,72.0,2557640.0
2025-08-28 16:19:32.000,2025-08-28 16:20:51,2072380656188408040,,80.0,62.0,2557950.0
2025-08-28 16:36:38.000,2025-08-28 16:37:03,2072384735530959080,,89.0,59.0,89.0
2025-08-28 16:55:28.000,2025-08-28 16:58:44,2072390189804470504,,76.0,20.599801218616307,2559190.0
2025-08-28 16:59:29.000,2025-08-28 17:00:46,2072390700414009576,,82.0,60.00000000000001,2559400.0
2025-08-28 17:06:32.000,2025-08-28 17:07:53,2072392492342313192,,82.0,62.0,2559550.0
2025-08-28 17:12:35.000,2025-08-28 17:12:57,2072393766773588200,,79.0,33.21562841462586,2559830.0
2025-08-29 05:22:59.000,2025-08-29 05:23:50,2072577701683839208,,78.0,60.99999999999999,2560910.0
2025-08-29 05:34:03.000,2025-08-29 05:35:01,2072580514052735208,,76.0,51.0,76.0
2025-08-29 10:18:19.000,2025-08-29 10:18:53,2072651953607033064,,79.0,18.0,2563130.0
2025-08-29 13:55:46.000,2025-08-29 13:56:25,2072706697927196904,,81.0,46.0,2564210.0
2025-08-29 14:39:06.000,2025-08-29 14:40:15,2072717726190797032,,79.0,77.0,2565270.0
2025-08-29 14:52:11.000,2025-08-29 14:53:27,2072721049643925736,,53.0,32.0,2566070.0
2025-08-29 17:08:40.000,2025-08-29 17:10:21,2072755503452143848,,55.00000000000001,3.242852821522715,55.00000000000001
2025-08-29 17:21:45.000,2025-08-29 17:23:05,2072758707044810984,,81.0,44.0,2567970.0
2025-08-29 17:25:46.000,2025-08-29 17:26:09,2072759476318666984,,74.0,10.6804867057233,74.0
2025-08-29 17:33:49.000,2025-08-29 17:34:13,2072761507753722088,,64.0,46.0,2568550.0
2025-08-29 17:35:50.000,2025-08-29 17:36:16,2072762023133102312,,69.0,17.353244396155247,2568570.0
2025-09-01 04:43:52.000,2025-09-01 04:44:57,2073655080359297256,,70.0,101.0,2569710.0
2025-09-01 04:49:55.000,2025-09-01 04:51:04,2073656617060335848,,72.0,66.0,2570020.0
2025-09-01 04:51:56.000,2025-09-01 04:53:05,2073657124973445352,,60.0,71.33535407162304,2570110.0
2025-09-01 05:07:00.000,2025-09-01 05:07:48,2073660829315645672,,62.0,18.697796736775175,2571470.0
2025-09-01 05:49:34.000,2025-09-01 05:50:23,2073671544848056552,,56.99999999999999,64.28293628501054,2571850.0
2025-09-01 05:54:36.000,2025-09-01 05:55:25,2073672813063160040,,69.0,76.0,2572220.0
2025-09-01 05:55:36.000,2025-09-01 05:56:27,2073673071813902568,,76.0,126.20642397229408,2572320.0
2025-09-01 06:25:44.000,2025-09-01 06:26:49,2073680715370823912,,51.0,133.0,2576900.0
2025-09-01 06:34:47.000,2025-09-01 06:36:53,2073683247883141352,,45.0,126.13234395352713,2578780.0
2025-09-01 06:36:48.000,2025-09-01 06:37:27,2073683388702900456,,60.0,129.0,2579260.0
2025-09-01 06:41:48.000,2025-09-01 06:42:30,2073684660659159272,,0.0,117.0,2579880.0
2025-09-01 06:45:50.000,2025-09-01 06:46:35,2073685687198154984,,1.0,128.64180458925716,2580500.0
2025-09-01 06:46:50.000,2025-09-01 06:47:35,2073685942476046568,,62.0,125.0,2580610.0
2025-09-01 06:57:53.000,2025-09-01 06:58:45,2073688752718921960,,45.0,85.0,2582140.0
2025-09-01 07:06:56.000,2025-09-01 07:07:53,2073691051180245224,,27.0,142.06325198935716,2583190.0
2025-09-01 07:09:56.000,2025-09-01 07:10:56,2073691818893066472,,33.0,122.5413150437998,2583750.0
2025-09-01 07:13:58.000,2025-09-01 07:15:20,2073692925207822568,,28.999999999999996,123.0,2584280.0
2025-09-01 07:18:59.000,2025-09-01 07:20:05,2073694121393930472,,45.0,145.0,2585100.0
2025-09-01 07:30:02.000,2025-09-01 07:31:18,2073696942298251496,,31.0,101.0,2586340.0
2025-09-01 07:41:04.000,2025-09-01 07:41:28,2073699499850940648,,0.0,49.0,2587640.0
2025-09-01 07:52:07.000,2025-09-01 07:53:10,2073702445552255208,,38.0,75.0,2588100.0
2025-09-01 07:56:09.000,2025-09-01 07:57:14,2073703469327401192,,8.0,48.8187323674122,2588350.0
2025-09-01 11:24:08.000,2025-09-01 11:24:40,2073755672629182696,,48.0,60.99999999999999,2588860.0
2025-09-01 11:30:10.000,2025-09-01 11:30:47,2073757210579976424,,31.0,24.0,2589340.0
2025-09-01 11:55:19.000,2025-09-01 11:56:26,2073763666318065896,,21.0,106.68819102767506,2591250.0
2025-09-01 11:59:21.000,2025-09-01 12:00:30,2073764687320711400,,28.999999999999996,111.0,2591670.0
2025-09-01 12:05:23.000,2025-09-01 12:06:35,2073766218363306216,,19.0,131.0,2592580.0
2025-09-01 12:08:25.000,2025-09-01 12:09:39,2073766991591964904,,11.0,128.7232926099008,11.0
2025-09-01 12:22:29.000,2025-09-01 12:23:19,2073770430526701800,,96.0,119.0,2593820.0
2025-09-01 12:27:30.000,2025-09-01 12:28:29,2073771731344359656,,96.0,131.0,2594480.0
2025-09-01 12:43:35.000,2025-09-01 12:44:52,2073775853451362536,,96.0,129.0,2597020.0
2025-09-01 12:54:38.000,2025-09-01 12:56:14,2073778714906296552,,96.0,119.0,2598220.0
2025-09-01 12:59:39.000,2025-09-01 13:02:27,2073780279973019880,,96.0,148.0,2599130.0
2025-09-01 13:03:40.000,2025-09-01 13:04:29,2073780791741137128,,96.0,127.73617635983132,2599960.0
2025-09-01 13:04:40.000,2025-09-01 13:05:37,2073781076207141096,,96.0,138.0,2600100.0
2025-09-01 13:20:45.000,2025-09-01 13:21:45,2073785137430069480,,94.0,98.0,2602180.0
2025-09-01 13:25:46.000,2025-09-01 13:26:49,2073786409143009512,,96.0,126.6231240778581,2602900.0
2025-09-01 17:13:33.000,2025-09-01 17:14:14,2073843643277590760,,82.0,70.0,2605260.0
2025-09-01 17:20:36.000,2025-09-01 17:21:20,2073845431133257960,,83.0,14.0,2605560.0
2025-09-02 05:54:32.000,2025-09-02 05:55:27,2074035207547175144,,78.0,58.0,2605770.0
2025-09-02 05:56:32.000,2025-09-02 05:57:28,2074035715221569768,,81.0,17.760684499373408,2605950.0
2025-09-02 06:08:38.000,2025-09-02 06:09:38,2074038780200911080,,77.0,22.0,2606420.0
2025-09-02 06:14:41.000,2025-09-02 06:15:43,2074040309876031720,,83.0,28.0,83.0
2025-09-02 07:32:17.000,2025-09-02 07:33:26,2074059869161308392,,81.0,24.111194108169176,2608500.0
2025-09-02 09:48:47.000,2025-09-02 09:49:55,2074094214785908968,,80.0,17.0,2609270.0
2025-09-02 09:54:50.000,2025-09-02 09:56:01,2074095750501187816,,76.0,67.0,2609420.0
2025-09-02 09:58:52.000,2025-09-02 10:00:06,2074096778084417768,,94.0,1.7464364424305654,2609580.0
2025-09-02 10:01:53.000,2025-09-02 10:03:09,2074097542634668264,,94.0,0.0,2609680.0
2025-09-02 10:08:56.000,2025-09-02 10:09:53,2074099240174420200,,78.0,11.0,2609910.0
2025-09-02 10:10:56.000,2025-09-02 10:11:56,2074099755658592488,,96.0,20.82018927444795,2609960.0
2025-09-02 10:15:59.000,2025-09-02 10:17:02,2074101037437993192,,77.0,14.0,77.0
2025-09-02 10:21:00.000,2025-09-02 10:22:14,2074102345167290600,,76.0,91.0,2610360.0
2025-09-02 10:26:01.000,2025-09-02 10:27:11,2074103594113564904,,74.0,101.0,2611000.0
2025-09-02 10:32:02.000,2025-09-02 10:33:15,2074105120026542312,,77.0,13.0,2611220.0
2025-09-02 10:43:06.000,2025-09-02 10:43:59,2074107821695320296,,76.0,43.0,2611380.0
2025-09-02 11:02:13.000,2025-09-02 11:02:39,2074112518640648424,,78.0,28.452283207911748,78.0
2025-09-02 11:12:15.000,2025-09-02 11:12:44,2074115055812804840,,89.0,0.0,2612280.0
2025-09-02 11:14:16.000,2025-09-02 11:14:45,2074115561356361960,,72.0,0.0,72.0
2025-09-02 11:19:27.000,2025-09-02 12:38:46,2074136705127989480,,72.0,0.1370480347188354,72.0
2025-09-02 12:49:00.000,2025-09-02 12:50:13,2074139586337980648,,77.0,94.0,2612970.0
2025-09-02 12:55:01.001,2025-09-02 12:56:16,2074141111001088232,,62.0,10.0,2613320.0
2025-09-02 15:30:54.002,2025-09-02 15:31:57,2074180288388563176,,74.0,37.0,2613930.0
2025-09-02 15:42:59.000,2025-09-02 15:44:09,2074183358346199272,,77.0,8.0,2614530.0
2025-09-02 15:50:01.000,2025-09-02 15:51:13,2074185140338196712,,69.0,3.0,2614730.0
2025-09-03 05:11:35.000,2025-09-03 05:12:56,2074386897957814504,,74.0,115.0,74.0
2025-09-03 05:29:43.000,2025-09-03 05:30:09,2074391231697535208,,76.0,107.0,2616160.0
2025-09-03 05:39:47.000,2025-09-03 05:40:17,2074393779758268648,,51.0,15.491983924635928,2617190.0
2025-09-03 16:06:03.000,2025-09-03 16:07:21,2074551584380944616,,74.0,21.0,2618380.0
2025-09-03 16:18:08.000,2025-09-03 16:18:30,2074554391201235176,,72.0,65.0,2618890.0
2025-09-03 16:26:12.000,2025-09-03 16:26:35,2074556426344906984,,56.00000000000001,6.0,56.00000000000001
2025-09-03 16:29:50.001,2025-09-03 16:30:17,2074557356498714856,,,0.0,2619660.0
2025-09-03 17:54:54.000,2025-09-03 17:55:56,2074578913232765160,,60.0,6.009741522467853,60.0
2025-09-04 05:23:05.000,2025-09-04 05:23:49,2074752023961600232,,60.0,59.0,2621060.0
2025-09-04 05:34:09.000,2025-09-04 05:34:59,2074754832207544552,,72.0,89.0,2622060.0
2025-09-04 15:28:21.000,2025-09-04 15:29:17,2074904394272817384,,55.00000000000001,114.0,55.00000000000001
2025-09-04 15:33:22.000,2025-09-04 15:34:20,2074905665671037160,,56.99999999999999,24.0,56.99999999999999
2025-09-04 15:53:31.000,2025-09-04 15:54:39,2074910779106181352,,55.00000000000001,14.0,2623440.0
2025-09-04 16:00:35.000,2025-09-04 16:01:45,2074912563598033128,,72.0,46.0,2623560.0
2025-09-04 16:12:39.000,2025-09-04 16:13:57,2074915633740415208,,64.0,16.0,2624150.0
2025-09-05 05:09:25.000,2025-09-05 05:09:57,2075110922795385064,,53.0,40.881058356534794,53.0
2025-09-05 05:20:28.000,2025-09-05 05:21:05,2075113725567942888,,40.0,63.0,2625290.0
2025-09-05 05:31:32.000,2025-09-05 05:32:12,2075116521918775528,,60.0,113.0,2626220.0
2025-09-05 05:34:33.000,2025-09-05 05:35:15,2075117289355362536,,60.0,32.07294412514585,2626560.0
2025-09-05 10:00:15.000,2025-09-05 10:00:46,2075184106425630952,,43.0,10.0,2626920.0
2025-09-05 10:06:18.000,2025-09-05 10:07:23,2075185771819565288,,4.0,65.0,2626990.0
2025-09-05 14:14:02.000,2025-09-05 14:18:17,2075248913237836008,,55.00000000000001,60.91414743158401,2627600.0
2025-09-05 14:19:05.000,2025-09-05 14:20:21,2075249434370785512,,47.0,99.92838931519196,2627870.0
2025-09-05 14:31:08.000,2025-09-05 14:31:32,2075252247537205480,,49.0,126.0,2629370.0
2025-09-05 14:36:09.000,2025-09-05 14:36:36,2075253523373211880,,25.0,10.0,25.0
2025-09-05 14:41:09.000,2025-09-05 14:41:41,2075254802648301800,,32.0,120.0,2630410.0
2025-09-05 14:47:12.000,2025-09-05 14:47:45,2075256329194389736,,0.0,68.0,2631040.0
2025-09-05 18:17:29.000,2025-09-05 18:48:30,2075316918612426984,,26.0,116.0,2631790.0
2025-09-06 08:45:30.000,2025-09-06 08:46:38,2075527841591738600,,33.0,62.0,2633650.0
2025-09-07 11:48:41.000,2025-09-07 11:53:08,2075937162742513896,,26.0,25.415002438467287,2635730.0
2025-09-07 11:49:42.000,2025-09-07 11:53:08,2075937162743644392,,51.0,20.9979813194886,51.0
2025-09-08 05:09:40.000,2025-09-08 05:10:58,2076198342374736104,,33.0,2.7854087056368724,2636420.0
2025-09-08 05:11:41.001,2025-09-08 05:12:59,2076198850212724968,,28.999999999999996,60.00000000000001,2636530.0
2025-09-08 05:18:45.000,2025-09-08 05:20:05,2076200637091021032,,27.0,18.0,2636720.0
2025-09-08 05:23:46.000,2025-09-08 05:24:08,2076201654977675496,,33.0,84.0,2636930.0
2025-09-08 05:29:48.000,2025-09-08 05:30:12,2076203181917880552,,28.999999999999996,79.0,2637220.0
2025-09-08 05:35:51.000,2025-09-08 05:36:16,2076204708669800680,,32.0,74.0,2637720.0
2025-09-08 05:47:56.000,2025-09-08 05:48:29,2076207783074201832,,96.0,89.0,2638060.0
2025-09-08 05:52:57.000,2025-09-08 05:53:34,2076209060318822632,,96.0,32.0,2638620.0
2025-09-08 09:45:56.000,2025-09-08 09:47:42,2076267982946599144,,96.0,29.865359565891097,2638760.0
2025-09-08 09:55:00.000,2025-09-08 09:55:49,2076270026487349480,,96.0,45.37771549568792,96.0
2025-09-08 09:59:47.000,2025-09-08 10:00:12,2076271130846462184,,,0.0,2639470.0
2025-09-08 11:36:51.000,2025-09-08 11:49:12,2076298558633410792,,96.0,0.1796440455098248,96.0
2025-09-08 15:28:20.000,2025-09-08 15:28:41,2076353795599909096,,96.0,70.0,2641260.0
2025-09-08 15:49:30.000,2025-09-08 15:50:00,2076359159636639976,,96.0,74.0,2641660.0
2025-09-08 15:54:33.000,2025-09-08 15:55:03,2076360428824527080,,96.0,10.976806780791051,2641900.0
2025-09-08 15:56:34.000,2025-09-08 15:57:05,2076360942513668328,,96.0,13.0,2641950.0
2025-09-08 16:02:38.000,2025-09-08 16:03:10,2076362472281260264,,96.0,39.24944594319298,2642110.0
2025-09-08 16:03:38.000,2025-09-08 16:04:12,2076362731329749224,,96.0,36.269577188292885,2642200.0
2025-09-08 16:11:42.000,2025-09-08 16:12:19,2076364773624332520,,96.0,23.0,2642390.0
2025-09-08 16:17:44.000,2025-09-08 16:18:22,2076366298765574376,,96.0,4.0,2642610.0
2025-09-08 16:24:47.000,2025-09-08 16:25:29,2076368087812899048,,96.0,0.0,2642850.0
2025-09-08 16:31:50.000,2025-09-08 16:32:36,2076369880290050280,,96.0,33.0,2643020.0
2025-09-08 18:48:59.000,2025-09-08 18:49:29,2076404328142422248,,96.0,73.0,2643560.0
2025-09-08 19:03:04.000,2025-09-08 19:03:40,2076407898468221160,,96.0,28.72823127781859,2644490.0
2025-09-08 19:07:05.000,2025-09-08 19:07:42,2076408914311807208,,96.0,37.0,2644600.0
2025-09-09 05:12:50.000,2025-09-09 05:14:04,2076561509906907368,,95.0,19.0,2645040.0
2025-09-09 05:18:52.000,2025-09-09 05:20:09,2076563039452168424,,96.0,39.0,96.0
2025-09-09 05:25:55.000,2025-09-09 05:27:15,2076564828050194664,,96.0,63.0,2645440.0
2025-09-09 06:32:34.000,2025-09-09 06:33:31,2076581504750092520,,96.0,124.0,2647610.0
2025-09-09 06:37:35.000,2025-09-09 06:38:34,2076582776647221480,,96.0,121.0,2648190.0
2025-09-09 06:53:40.000,2025-09-09 06:54:48,2076586859529617640,,83.0,121.0,2650060.0
2025-09-09 06:58:40.000,2025-09-09 06:59:52,2076588133427708136,,94.0,134.0,2650720.0
2025-09-09 07:02:41.000,2025-09-09 07:03:54,2076589149808263400,,82.0,94.7353799996296,82.0
2025-09-09 07:03:41.000,2025-09-09 07:04:55,2076589404805185768,,94.0,119.0,2651340.0
2025-09-09 07:05:42.000,2025-09-09 07:06:58,2076589921568555240,,89.0,94.36312790532574,2651530.0
2025-09-09 07:13:43.000,2025-09-09 07:15:05,2076591962420429032,,94.0,130.0,94.0
2025-09-09 07:30:50.000,2025-09-09 07:31:15,2076596032581632232,,89.0,125.0,2655020.0
2025-09-09 07:36:52.000,2025-09-09 07:37:20,2076597562684702952,,81.0,84.0,81.0
2025-09-09 07:42:54.000,2025-09-09 07:43:25,2076599094075572456,,80.0,95.0,2656280.0
2025-09-09 07:48:56.000,2025-09-09 07:49:29,2076600619778785512,,69.0,22.0,2656780.0
2025-09-09 09:51:26.000,2025-09-09 09:52:03,2076631466217406696,,74.0,36.0,2657270.0
2025-09-09 11:15:40.002,2025-09-09 11:16:36,2076652742583140584,,79.0,90.0,2658040.0
2025-09-09 11:32:45.000,2025-09-09 11:33:51,2076657083578876136,,62.0,28.0,2659440.0
2025-09-09 12:18:05.000,2025-09-09 12:18:44,2076668381205102824,,74.0,57.0,2660100.0
2025-09-09 12:25:10.000,2025-09-09 12:25:51,2076670169358909672,,78.0,29.37457944156013,2660430.0
2025-09-09 12:31:11.000,2025-09-09 12:31:54,2076671693534953704,,72.0,112.0,72.0
2025-09-09 12:47:16.000,2025-09-09 12:47:38,2076675653280973032,,76.0,145.0,2663320.0
2025-09-09 13:03:21.000,2025-09-09 13:03:48,2076679723580440808,,71.0,80.0,2666270.0
2025-09-09 13:08:22.000,2025-09-09 13:08:51,2076680991891701992,,67.0,119.0,2667240.0
2025-09-09 13:10:22.000,2025-09-09 13:10:52,2076681500237119720,,60.0,142.56699611697235,2667620.0
2025-09-09 13:24:29.000,2025-09-09 13:25:04,2076685073540956392,,67.0,10.667522702439086,2669950.0
2025-09-09 13:25:29.000,2025-09-09 13:26:05,2076685327539601640,,51.0,52.0,2670040.0
2025-09-09 15:15:50.000,2025-09-09 15:17:58,2076713486805205224,,45.0,44.68691932068624,2670160.0
2025-09-09 15:25:54.000,2025-09-09 15:27:06,2076715782888259816,,56.99999999999999,121.0,2671310.0
2025-09-09 15:30:55.000,2025-09-09 15:32:10,2076717059944906984,,53.0,116.94642162642684,53.0
2025-09-09 15:49:00.000,2025-09-09 15:49:48,2076721497875251432,,53.0,11.776870983473984,2674310.0
2025-09-09 15:51:00.000,2025-09-09 15:51:22,2076721891087024360,,42.0,44.76655534086069,2674430.0
2025-09-09 18:16:28.000,2025-09-09 18:17:35,2076758688093208808,,53.0,14.0,2676520.0
2025-09-09 18:44:03.000,2025-09-09 18:44:42,2076765514016997608,,96.0,43.0,2676830.0
2025-09-09 18:49:05.000,2025-09-09 18:49:42,2076766769036935400,,96.0,0.0685240173594177,96.0
2025-09-10 06:27:51.000,2025-09-10 06:28:46,2076942696022491368,,96.0,39.85690209708187,2677520.0
2025-09-10 08:10:49.000,2025-09-10 08:11:24,2076968523044880616,,96.0,0.0,96.0
2025-09-10 15:48:04.000,2025-09-10 15:48:51,2077083645688168680,,96.0,77.0,2681460.0
2025-09-10 16:04:07.000,2025-09-10 16:05:04,2077087726783938792,,96.0,0.0,2682360.0
2025-09-10 17:00:12.000,2025-09-10 17:01:24,2077101902910193896,,96.0,37.0,2683180.0
2025-09-10 17:06:13.000,2025-09-10 17:07:29,2077103434770694376,,96.0,29.0,2683520.0
2025-09-10 18:25:30.000,2025-09-10 18:26:29,2077123314572132584,,96.0,41.0,2684110.0
2025-09-10 18:36:53.000,2025-09-10 18:38:06,2077126239780487400,,96.0,30.841363813145502,96.0
2025-09-10 18:41:52.000,2025-09-10 18:42:48,2077127422693785832,,96.0,66.0,96.0
2025-09-11 05:10:12.000,2025-09-11 05:10:35,2077285409125433576,,89.0,28.028175100471028,2684950.0
2025-09-11 05:12:13.000,2025-09-11 05:12:36,2077285915415527656,,96.0,15.000000000000002,2685050.0
2025-09-11 05:18:15.000,2025-09-11 05:18:42,2077287450740867304,,96.0,11.0,2685260.0
2025-09-11 05:39:26.000,2025-09-11 05:39:59,2077292808691155176,,96.0,29.0,2685960.0
2025-09-11 08:39:15.000,2025-09-11 08:39:36,2077338009292030184,,96.0,68.66847339601327,2687990.0
2025-09-11 08:45:19.000,2025-09-11 08:45:40,2077339535154987240,,96.0,131.0,2688530.0
2025-09-11 09:00:22.000,2025-09-11 09:00:51,2077343356626960616,,94.0,104.03427435534952,2690140.0
2025-09-11 09:06:24.000,2025-09-11 09:06:56,2077344889053675752,,94.0,100.0,2690860.0
2025-09-11 09:11:25.000,2025-09-11 09:11:59,2077346157910606056,,81.0,134.0,2691540.0
2025-09-11 09:27:29.000,2025-09-11 09:28:45,2077350377287581928,,89.0,106.0,2693170.0
2025-09-11 09:32:30.000,2025-09-11 09:33:50,2077351657892479208,,81.0,137.0,2693910.0
2025-09-11 09:48:34.000,2025-09-11 09:49:00,2077355473451106536,,79.0,118.0,2696010.0
2025-09-11 09:59:39.000,2025-09-11 10:00:06,2077358268895985896,,79.0,128.0,2697530.0
2025-09-11 10:12:45.000,2025-09-11 10:13:18,2077361587794608360,,79.0,0.0,2698780.0
2025-09-11 10:18:47.000,2025-09-11 10:19:22,2077363117528137960,,78.0,17.0,2698960.0
2025-09-11 10:25:49.000,2025-09-11 13:23:15,2077409390471364840,,72.0,11.0,2699090.0
2025-09-11 13:36:48.000,2025-09-11 13:37:26,2077412962049589480,,77.0,103.08790211560186,2699830.0
2025-09-11 13:38:48.000,2025-09-11 13:39:28,2077413471674286312,,71.0,112.0,71.0
2025-09-11 13:43:49.000,2025-09-11 13:44:32,2077414748756033768,,78.0,117.0,2700830.0
2025-09-11 13:54:53.000,2025-09-11 13:55:41,2077417553919115496,,76.0,131.53277732163693,2702400.0
2025-09-11 13:57:54.000,2025-09-11 13:58:43,2077418319350137064,,71.0,127.412076277726,2702890.0
2025-09-11 14:00:54.000,2025-09-11 14:01:45,2077419082688250088,,71.0,122.2005469574719,2703370.0
2025-09-11 14:06:56.000,2025-09-11 14:07:51,2077420616759279848,,69.0,108.13830739503788,2704090.0
2025-09-11 14:09:58.000,2025-09-11 14:10:55,2077421386250862824,,71.0,128.56587257002107,2704490.0
2025-09-11 14:10:58.000,2025-09-11 14:11:54,2077421636579262696,,67.0,130.0,2704640.0
2025-09-11 14:15:59.000,2025-09-11 14:16:59,2077422913627193576,,67.0,127.0,2705330.0
2025-09-11 14:21:00.000,2025-09-11 14:22:04,2077424194404008168,,71.0,63.0,2705870.0
2025-09-11 14:32:04.000,2025-09-11 14:33:12,2077426995880313064,,69.0,128.0,2707780.0
2025-09-11 14:53:10.000,2025-09-11 14:54:31,2077432358805487848,,55.00000000000001,110.0,55.00000000000001
2025-09-11 15:04:14.000,2025-09-11 15:04:36,2077434897810833640,,60.0,93.0,2711720.0
2025-09-11 16:54:30.000,2025-09-11 16:55:24,2077462782831411432,,33.0,114.88329310376758,2712500.0
2025-09-11 16:57:30.000,2025-09-11 16:58:27,2077463547184595176,,49.0,102.40080994153853,2712790.0
2025-09-11 16:59:31.000,2025-09-11 17:00:30,2077464064795328744,,62.0,25.0,2712850.0
2025-09-11 17:04:31.000,2025-09-11 17:05:32,2077465333295235304,,49.0,17.0,2712900.0
2025-09-11 17:11:34.000,2025-09-11 17:12:38,2077467119481946344,,51.0,72.0,2713170.0
2025-09-11 17:21:36.000,2025-09-11 17:22:27,2077469590270574824,,45.0,34.0,2713920.0
2025-09-11 17:27:38.000,2025-09-11 17:28:59,2077471232655098088,,55.00000000000001,57.0,2714080.0
2025-09-12 05:13:43.000,2025-09-12 05:15:17,2077648980192788712,,45.0,97.0,2714930.0
2025-09-12 05:18:43.000,2025-09-12 05:19:20,2077649996525797608,,53.0,77.0,2715160.0
2025-09-12 05:23:44.000,2025-09-12 05:24:26,2077651279898951912,,42.0,73.0,2715470.0
2025-09-12 05:34:48.000,2025-09-12 05:35:35,2077654087155220712,,46.0,107.0,2716550.0
2025-09-12 05:35:48.000,2025-09-12 05:36:36,2077654345830433000,,45.0,63.89216418601494,2716630.0
2025-09-12 05:37:49.000,2025-09-12 05:38:36,2077654848933036264,,0.0,24.027854087056372,2716700.0
2025-09-12 14:27:05.000,2025-09-12 14:31:27,2077788942626734312,,16.0,38.91052985733423,16.0
2025-09-12 14:38:09.001,2025-09-12 14:38:32,2077790724510236904,,51.0,68.0,2717960.0
2025-09-12 14:56:14.000,2025-09-12 14:56:49,2077795327062098152,,35.0,24.0,2718160.0
2025-09-12 15:08:18.000,2025-09-12 15:08:58,2077798383027912936,,40.0,13.0,2718550.0
2025-09-12 15:09:19.000,2025-09-12 15:09:59,2077798640207200488,,47.0,38.0,2718560.0
2025-09-12 15:22:25.000,2025-09-12 15:23:08,2077801948832252136,,28.999999999999996,6.0,2719100.0
2025-09-12 15:29:28.000,2025-09-12 15:30:13,2077803733366112488,,59.0,7.0,2719410.0
2025-09-12 16:21:59.000,2025-09-12 16:22:58,2077817006853243112,,47.0,41.29775846209881,47.0
2025-09-12 18:48:16.002,2025-09-12 18:49:23,2077853853013475560,,33.0,14.65117571163118,2719780.0
2025-09-13 07:30:25.000,2025-09-13 07:31:45,2078045710204272872,,32.0,27.0,2720840.0
2025-09-13 07:36:27.000,2025-09-13 07:37:16,2078047099123155176,,38.0,102.0,2721360.0
2025-09-13 07:39:27.000,2025-09-13 07:40:18,2078047862444425448,,45.0,82.64552093686531,2721710.0
2025-09-13 07:41:27.000,2025-09-13 07:42:20,2078048373491007720,,21.0,115.0,2721920.0
2025-09-13 07:47:29.001,2025-09-13 07:48:25,2078049906400821480,,26.0,30.446887713211556,2722420.0
2025-09-13 10:22:51.000,2025-09-13 10:24:06,2078089085351624936,,43.0,118.0,2723780.0
2025-09-13 10:45:03.000,2025-09-13 10:46:06,2078094618846691560,,27.0,82.0,2724540.0
2025-09-13 10:52:06.000,2025-09-13 10:53:10,2078096398464631016,,6.0,16.0,6.0
2025-09-13 10:55:08.000,2025-09-13 10:56:12,2078097163698585832,,16.0,34.29164068721564,2724850.0
2025-09-15 05:19:43.000,2025-09-15 05:20:21,2078737419011817704,,16.0,38.0,16.0
2025-09-15 05:44:53.000,2025-09-15 05:46:03,2078743885315637480,,28.999999999999996,6.0,2726190.0
2025-09-15 05:49:56.000,2025-09-15 05:51:07,2078745161315139816,,16.0,40.58844228240538,16.0
2025-09-15 09:51:41.000,2025-09-15 09:52:12,2078805830291144936,,96.0,63.06617197676356,2728400.0
2025-09-15 10:57:12.000,2025-09-15 10:57:56,2078822371934011624,,96.0,78.0,2729040.0
2025-09-15 11:02:14.000,2025-09-15 11:03:00,2078823648008962280,,96.0,13.0,2729420.0
2025-09-15 11:03:14.000,2025-09-15 11:04:01,2078823906462908648,,96.0,44.0,2729470.0
2025-09-15 11:18:42.000,2025-09-15 11:19:34,2078827817138716904,,96.0,0.0,2729510.0
2025-09-15 11:20:43.000,2025-09-15 11:21:36,2078828330949476584,,96.0,21.46838943865866,2729690.0
2025-09-15 16:11:25.000,2025-09-15 16:14:30,2078902041878544616,,96.0,29.585707495045902,2729830.0
2025-09-15 16:15:27.000,2025-09-15 16:16:31,2078902548374372584,,96.0,99.0,2730230.0
2025-09-15 16:26:30.000,2025-09-15 16:27:21,2078905272278368488,,96.0,60.00000000000001,2730650.0
2025-09-15 16:35:37.000,2025-09-15 16:36:43,2078907631422128360,,96.0,0.0,2731080.0
2025-09-15 16:42:40.000,2025-09-15 16:43:24,2078909311567806696,,96.0,7.0,2731360.0
2025-09-15 22:08:50.000,2025-09-15 22:09:15,2078991315944816872,,96.0,86.0,2731750.0
2025-09-15 22:13:51.000,2025-09-15 22:14:18,2078992588769329384,,96.0,87.0,2732080.0
2025-09-15 22:19:53.000,2025-09-15 22:20:20,2078994106658586856,,96.0,22.348089661516052,2732370.0
2025-09-15 22:20:54.000,2025-09-15 22:21:22,2078994363966734568,,96.0,25.74836252291851,2732400.0
2025-09-15 22:24:54.000,2025-09-15 22:25:24,2078995382070788328,,96.0,81.0,2732590.0
2025-09-15 22:29:56.002,2025-09-15 22:30:28,2078996656208314600,,96.0,0.1129720286195805,2732740.0
2025-09-16 05:16:05.000,2025-09-16 05:17:00,2079098962274566376,,96.0,18.0,2733220.0
2025-09-16 06:43:36.000,2025-09-16 06:44:31,2079120985588203752,,96.0,42.0,2733440.0
2025-09-16 06:50:39.001,2025-09-16 06:51:35,2079122766149255400,,96.0,62.0,2733710.0
2025-09-16 10:05:56.000,2025-09-16 10:06:56,2079171925204058344,,96.0,25.45759844925828,2734280.0
2025-09-16 10:21:03.000,2025-09-16 10:22:08,2079175752103903464,,96.0,60.99999999999999,2734970.0
2025-09-16 10:28:06.000,2025-09-16 10:29:14,2079177537648328936,,96.0,99.0,2735380.0
2025-09-16 10:45:13.000,2025-09-16 10:46:29,2079181881403801832,,95.0,39.33463796477496,2736730.0
2025-09-16 11:57:49.000,2025-09-16 11:59:06,2079200153398493416,,96.0,22.881465796638004,2737080.0
2025-09-16 15:26:32.001,2025-09-16 15:27:23,2079252572245426408,,95.0,0.0,2737880.0
2025-09-16 15:39:37.000,2025-09-16 15:40:35,2079255894142877928,,96.0,51.0,2738200.0
2025-09-16 18:24:32.000,2025-09-16 18:25:28,2079297384835268840,,96.0,24.0,2738620.0
2025-09-17 05:35:03.000,2025-09-17 05:36:05,2079466153343762664,,94.0,63.0,2740890.0
2025-09-17 05:40:04.000,2025-09-17 05:41:09,2079467427304833256,,80.0,82.0,2741430.0
2025-09-17 05:42:05.000,2025-09-17 05:43:11,2079467940515741928,,83.0,83.01221702976166,2741600.0
2025-09-17 05:45:05.000,2025-09-17 05:46:14,2079468706362048744,,82.0,99.0,2741850.0
2025-09-17 05:55:11.000,2025-09-17 05:56:14,2079471222579609832,,94.0,0.0,2741990.0
2025-09-17 09:37:03.000,2025-09-17 09:37:53,2079527006025908456,,81.0,94.0,2742630.0
2025-09-17 09:43:06.000,2025-09-17 09:43:59,2079528537320095976,,89.0,77.0,2742750.0
2025-09-17 09:49:08.000,2025-09-17 09:50:23,2079530148863934696,,82.0,36.0,2743060.0
2025-09-17 09:57:12.000,2025-09-17 09:58:29,2079532186830110952,,89.0,1.0,2743230.0
2025-09-17 12:27:11.000,2025-09-17 12:28:02,2079569821560930536,,83.0,0.1500120380030496,2743340.0
2025-09-17 12:36:14.000,2025-09-17 12:38:30,2079572455760101608,,89.0,74.0,2743830.0
2025-09-17 12:42:17.000,2025-09-17 12:43:24,2079573691963883752,,79.0,92.0,2744420.0
2025-09-17 15:58:04.000,2025-09-17 15:58:45,2079622853132812520,,64.0,16.0,64.0
2025-09-17 16:04:07.000,2025-09-17 16:04:50,2079624384909443304,,79.0,6.0,2745880.0
2025-09-17 16:12:12.000,2025-09-17 16:12:59,2079626435840065768,,80.0,53.0,2746120.0
2025-09-17 16:18:14.000,2025-09-17 16:19:04,2079627965553098984,,76.0,70.0,2746420.0
2025-09-17 16:31:20.000,2025-09-17 16:32:15,2079631283151012072,,79.0,18.0,2747060.0
2025-09-17 16:57:33.000,2025-09-17 16:58:38,2079637923732570344,,80.0,60.99999999999999,2747760.0
2025-09-18 04:05:56.000,2025-09-18 04:07:09,2079806160763879656,,77.0,110.0,2748870.0
2025-09-18 04:10:57.000,2025-09-18 04:12:13,2079807436448940264,,80.0,65.0,2749230.0
2025-09-18 04:15:58.000,2025-09-18 04:17:18,2079808714348462312,,77.0,114.0,2749640.0
2025-09-18 04:20:59.000,2025-09-18 04:21:21,2079809734311592168,,64.0,102.0,2750310.0
2025-09-18 04:48:25.000,2025-09-18 04:48:53,2079816663741726952,,79.0,78.3062838375919,2751180.0
2025-09-18 05:02:28.000,2025-09-18 05:03:03,2079820227146907880,,71.0,119.69108632174188,2752810.0
2025-09-18 05:03:29.000,2025-09-18 05:04:04,2079820485016895720,,69.0,120.0,2752960.0
2025-09-18 05:24:35.000,2025-09-18 05:25:22,2079825843697287400,,71.0,118.0,2755990.0
2025-09-18 05:51:44.000,2025-09-18 05:52:43,2079832728144019688,,27.0,108.0,2759620.0
2025-09-18 06:02:48.000,2025-09-18 06:03:50,2079835526441107688,,48.0,51.0,2760770.0
2025-09-18 06:08:51.000,2025-09-18 06:09:54,2079837050307494120,,60.0,72.0,2761400.0
2025-09-18 06:14:54.000,2025-09-18 06:16:03,2079838600467366120,,43.0,40.0,2761740.0
2025-09-18 06:19:55.000,2025-09-18 06:20:34,2079839734496575720,,56.99999999999999,72.0,2762310.0
2025-09-18 06:23:56.000,2025-09-18 06:25:48,2079841053473095912,,67.0,69.4963176057338,2762660.0
2025-09-18 06:30:58.000,2025-09-18 06:31:53,2079842583894474984,,3.0,68.0,2762780.0
2025-09-18 06:33:59.000,2025-09-18 06:34:56,2079843351724622056,,47.0,17.358800397562767,2762880.0
2025-09-18 12:04:40.000,2025-09-18 12:05:39,2079926579202801896,,53.0,124.9007636415268,2764040.0
2025-09-18 12:10:41.000,2025-09-18 12:11:36,2079928073868132584,,47.0,80.0,2764370.0
2025-09-18 12:15:42.000,2025-09-18 12:16:28,2079929302534652136,,53.0,76.0,2764660.0
2025-09-18 12:26:45.000,2025-09-18 12:28:06,2079932228103569640,,48.0,112.0,2765620.0
2025-09-18 13:03:55.000,2025-09-18 13:04:33,2079941400941674728,,33.0,138.0,2770980.0
2025-09-18 13:08:56.000,2025-09-18 13:09:38,2079942680481186024,,23.0,136.0,2771700.0
2025-09-18 13:13:57.000,2025-09-18 13:14:44,2079943964798320872,,18.0,121.0,2772600.0
2025-09-18 13:25:01.000,2025-09-18 13:25:51,2079946760943485160,,25.0,118.0,2774260.0
2025-09-18 13:37:06.000,2025-09-18 13:38:18,2079949895409860840,,96.0,108.22164741615067,2775810.0
2025-09-18 16:26:41.000,2025-09-18 16:27:34,2079992491280629992,,96.0,106.0,2776720.0
2025-09-18 16:39:48.000,2025-09-18 16:41:03,2079995886242365672,,96.0,67.0,2777170.0
2025-09-18 16:54:54.000,2025-09-18 16:55:16,2079999462625050856,,96.0,19.123756844685072,2778140.0
2025-09-18 17:41:55.000,2025-09-18 17:42:58,2080011468132139240,,96.0,0.0,2778340.0
2025-09-18 17:46:57.000,2025-09-18 17:48:01,2080012737794113768,,96.0,0.0,96.0
2025-09-18 18:41:49.000,2025-09-18 18:42:43,2080026503051411688,,96.0,33.0,2778400.0
2025-09-18 18:42:49.000,2025-09-18 18:43:43,2080026753958559976,,96.0,33.369344453567265,2778430.0
2025-09-19 05:09:35.000,2025-09-19 05:10:14,2080184425194422504,,96.0,39.24203794131628,2778660.0
2025-09-19 05:12:37.000,2025-09-19 05:13:16,2080185186972221672,,96.0,99.0,2778850.0
2025-09-19 05:18:40.000,2025-09-19 05:19:22,2080186720250413288,,96.0,90.0,2779250.0
2025-09-19 05:30:45.000,2025-09-19 05:31:32,2080189785556861160,,94.0,107.0,2780010.0
2025-09-19 05:35:46.000,2025-09-19 05:36:38,2080191065557827816,,95.0,104.0,2780670.0
2025-09-19 09:56:13.001,2025-09-19 09:57:11,2080256638195204328,,96.0,37.0,2781610.0
2025-09-19 10:02:14.000,2025-09-19 10:03:18,2080258174144790760,,96.0,45.0,2781780.0
2025-09-19 11:14:22.000,2025-09-19 11:14:58,2080276212357480680,,96.0,82.0,2782410.0
2025-09-19 11:19:23.000,2025-09-19 11:20:03,2080277490965987560,,94.0,24.0,2782870.0
2025-09-19 15:41:05.000,2025-09-19 15:41:58,2080343404281250024,,96.0,82.0,2783420.0
2025-09-19 15:47:07.000,2025-09-19 15:48:04,2080344940562694376,,94.0,17.0,2783710.0
2025-09-19 16:06:14.000,2025-09-19 16:07:50,2080349913074958568,,83.0,42.0,2784100.0
2025-09-19 16:19:19.000,2025-09-19 16:19:44,2080352909027246312,,94.0,35.0,2784520.0
2025-09-19 16:22:21.000,2025-09-19 16:22:48,2080353679915155688,,96.0,20.29792514214104,2784620.0
2025-09-19 16:33:26.000,2025-09-19 16:33:58,2080356491982274792,,94.0,37.0,2785180.0
2025-09-19 16:39:28.000,2025-09-19 16:40:04,2080358025994223848,,89.0,41.0,2785480.0
2025-09-19 16:43:30.001,2025-09-19 16:44:07,2080359045365661928,,80.0,11.987999036959756,2785650.0
2025-09-20 09:11:28.000,2025-09-20 09:12:22,2080607747200581864,,89.0,2.0,2786040.0
2025-09-20 12:51:24.000,2025-09-20 12:52:23,2080663117259456744,,96.0,37.32521745572176,2787730.0
2025-09-20 12:59:28.000,2025-09-20 13:00:29,2080665152981582056,,79.0,52.0,2788250.0
2025-09-20 14:12:07.000,2025-09-20 14:13:10,2080683444421132520,,78.0,88.0,2788920.0
2025-09-20 14:19:11.000,2025-09-20 14:21:06,2080685439715279080,,78.0,83.0,2789450.0
2025-09-20 15:35:35.000,2025-09-20 15:36:04,2080704306926960872,,81.0,0.1463080370647027,81.0
2025-09-20 16:25:34.000,2025-09-20 16:26:28,2080716990720409832,,81.0,70.0,2791020.0
2025-09-20 16:30:34.000,2025-09-20 16:31:30,2080718258884903144,,89.0,124.0,2791440.0
